question,gold,pred,confidence,source,raw_response
The important feature of chaotic systems is that very small changes in initial conditions can lead to large differences in final states. ,True,true,1.0,Astro-QA_Judgement,"Reasoning:
The definition of a chaotic system explicitly includes sensitivity to initial conditions. This means that even minuscule differences in the starting point of the system can result in drastically different outcomes over time. This is often referred to as the ""butterfly effect"". Therefore, the statement accurately describes a key characteristic of chaotic systems.

true
1.0"
The core of M87 contains a massive black hole. ,True,true,1.0,Astro-QA_Judgement,"Reasoning:
M87 is a supergiant elliptical galaxy. For a long time, astronomers suspected a supermassive black hole at its center due to the observed motions of stars and gas near the galaxy's core. In 2019, the Event Horizon Telescope (EHT) collaboration released the first direct image of a black hole, and that black hole was located at the center of M87. This image confirmed the existence of a supermassive black hole in M87. Therefore, the statement is true.

true
1.0"
"Liu Yong's ""Where to Wake from the Wine Tonight, on the Willow Bank in the Morning Breeze and the Fading Moon"" describes the phase of the moon known as the waning crescent. ",True,true,0.85,Astro-QA_Judgement,"Reasoning:
The poem title refers to waking up on the willow bank ""with the fading moon."" A waning crescent moon is the last visible phase before the new moon, and is indeed a ""fading"" moon. The poem evokes a sense of loneliness and the end of something, which aligns with the symbolism of the waning crescent. Therefore, it's plausible that the poem describes this lunar phase.

true
0.85"
"The apparent brightness of all stars when placed at the same standard distance is referred to as ""true brightness"". ",True,false,0.95,Astro-QA_Judgement,"Reasoning:
The question asks about the definition of ""true brightness"" in astronomy. Apparent brightness is how bright a star *appears* to be from Earth, and is affected by both the star's intrinsic luminosity and its distance. To compare stars fairly, astronomers define a standard distance and calculate what the brightness would be at that distance. This standardized brightness is called absolute magnitude, which is related to luminosity. ""True brightness"" is not a standard astronomical term. The term that describes the brightness of a star at a standard distance is absolute magnitude or luminosity. Therefore, the statement is false.

false
0.95"
"The reason why humans speculate the existence of ""dark energy"" is that the accelerating expansion of the universe contradicts the mutual attraction of gravity, and current knowledge cannot explain the energy that drives this expansion. ",True,true,0.95,Astro-QA_Judgement,"Reasoning:
The question asks about the reason for hypothesizing dark energy. We know that gravity is an attractive force, meaning it should slow down the expansion of the universe. However, observations show the expansion is *accelerating*. This acceleration implies there's something counteracting gravity on a large scale, pushing things apart. Since we don't know what this ""something"" is, and it appears to be an energy component, we call it ""dark energy"". The statement accurately reflects this reasoning.

true
0.95"
The volume differences between stars are much greater than their mass differences. ,True,true,0.9,Astro-QA_Judgement,"Reasoning:
The volume of a star is proportional to its radius cubed (V ~ R^3), while the mass of a star is proportional to its radius cubed times its density (M ~ R^3 * ρ).  If we consider stars with similar densities, then the mass is also proportional to the radius cubed. However, stars can vary *much* more in radius than in density. For example, red giants have enormously larger radii than main sequence stars like our sun, but their densities are much lower. Even if density varies, the cubic relationship with radius means that volume changes will generally be more significant than mass changes for a given change in stellar properties. A small change in radius leads to a large change in volume. A small change in radius, even with a corresponding density change, doesn't necessarily lead to a proportionally large change in mass. Therefore, the statement is likely true.

true
0.9"
"On the moon, artificial satellite phenomena can be observed. ",True,false,0.95,Astro-QA_Judgement,"Reasoning:
Artificial satellite phenomena refer to observations of human-made satellites. Satellites orbit the Earth, not the Moon. While the Moon does have an orbit around the Earth, and objects can be observed *from* the Moon, the phenomena of artificial satellites themselves (i.e., observing satellites orbiting something) are Earth-centric. Therefore, observing artificial satellite phenomena *on* the Moon doesn't make sense, as satellites are orbiting Earth.

false
0.95"
Galileo was the first person to use a telescope to observe celestial bodies and achieve significant results. ,True,false,0.95,Astro-QA_Judgement,"Reasoning:
The question asks whether Galileo was the *first* to use a telescope for astronomical observation and achieve significant results. While Galileo made incredibly important astronomical observations *with* a telescope, he was not the inventor of the telescope. The telescope was invented in the Netherlands by Hans Lippershey in 1608. Galileo improved upon these designs and was the first to systematically use a telescope for astronomical observations, leading to groundbreaking discoveries. However, Lippershey used a telescope to observe things before Galileo. Therefore, Galileo was not the first person to *use* a telescope, though he was the first to use it for significant astronomical results. The question is subtly asking about the first use, not the first significant results.

false
0.95"
The phenomenon of the seasons is due to the Earth's revolution combined with the tilt of its axis of rotation. ,True,true,0.95,Astro-QA_Judgement,"Reasoning:
The seasons are not caused by the Earth's distance from the sun. While the Earth's orbit is slightly elliptical, this variation in distance has a minimal effect on seasonal temperatures. The primary driver of seasons is the 23.5-degree tilt of the Earth's axis of rotation relative to its orbital plane (the plane of Earth's orbit around the sun). This tilt causes different parts of the Earth to receive more direct sunlight at different times of the year as the Earth revolves around the sun. When the Northern Hemisphere is tilted towards the sun, it experiences summer, while the Southern Hemisphere experiences winter, and vice versa. The Earth's revolution (orbit around the sun) is essential because it provides the yearly cycle during which this tilt causes varying sunlight exposure. Therefore, the statement accurately describes the cause of seasons.

true
0.95"
Analyzing the composition of organic compounds in meteorites can reveal the presence of prebiotic materials in the universe. ,True,true,0.95,Astro-QA_Judgement,"Reasoning:
The question asks whether analyzing organic compounds in meteorites can reveal the presence of prebiotic materials. Prebiotic materials are compounds that could have been precursors to life. Meteorites are remnants from the early solar system and contain organic molecules. Scientists have indeed found amino acids, nucleobases, sugars, and other organic compounds in meteorites. These compounds are considered prebiotic because they are building blocks for more complex biological molecules. Therefore, analyzing the composition of organic compounds in meteorites *can* reveal the presence of prebiotic materials.

true
0.95"
"An astronomer passed away in a car accident, and his ashes were sent to the moon. ",True,true,0.95,Astro-QA_Judgement,"Reasoning:
This question refers to the astronomer Eugene Shoemaker. He was a prominent astronomer known for his work on impact craters and co-discovering Comet Shoemaker-Levy 9. He did indeed pass away in a car accident in 1997. Following his death, a portion of his ashes *were* launched into space aboard the Lunar Prospector spacecraft, which intentionally crashed on the moon. Therefore, the statement is true.

true
0.95"
The Voyager spacecraft carried a golden record inscribed with a variety of sounds from nature and human societies on Earth. ,True,true,0.95,Astro-QA_Judgement,"Reasoning:
The Voyager spacecraft were launched in 1977 and were designed to explore the outer planets. A key part of their mission was to carry a message to any potential extraterrestrial life they might encounter. This message took the form of a golden record. The record contained sounds and images selected to portray the diversity of life and culture on Earth. This included sounds of nature (wind, rain, animals) and human-made sounds (music, greetings in multiple languages). Therefore, the statement is accurate.

true
0.95"
The two discoverers of the 3K cosmic background radiation were originally satellite communication engineers. ,True,true,0.95,Astro-QA_Judgement,"Reasoning:
The 3K cosmic background radiation was discovered by Arno Penzias and Robert Wilson in 1964. They were working at Bell Labs, and their work involved radio astronomy, specifically attempting to use a horn antenna for satellite communication. However, they encountered persistent noise that they initially attributed to equipment malfunction or external sources. After eliminating these possibilities, they realized the noise was coming from all directions in space and was consistent with the predicted cosmic microwave background radiation. Thus, they were indeed originally working as engineers involved in satellite communication, but their discovery came about through radio astronomy research using equipment intended for that purpose.

true
0.95"
Cygnus A (A Cyg) is an explosive galaxy. ,False,false,0.95,Astro-QA_Judgement,"Reasoning:
Cygnus A is a strong radio source and one of the first radio galaxies discovered. Radio galaxies are elliptical galaxies with active galactic nuclei that emit strong radio waves. These emissions are caused by jets of particles ejected from the supermassive black hole at the galaxy's center. While these galaxies undergo energetic processes, they are not considered ""explosive"" in the same way as supernovae or novae. The energy release is continuous, not a singular explosion. Therefore, describing Cygnus A as an ""explosive galaxy"" is inaccurate.

false
0.95"
Black holes formed from the collapse of stars are smaller in volume than neutron stars and rotate faster than 5000 rotations per second. ,False,false,0.95,Astro-QA_Judgement,"Reasoning:
Let's break down the statement into two parts. First, are black holes formed from stellar collapse smaller in volume than neutron stars? Neutron stars are incredibly dense, but they still have a physical surface and a radius, typically around 10-20 kilometers. Black holes, after the collapse, have all their mass concentrated at a singularity, effectively having zero volume (though they are described by an event horizon, which *has* a radius, but isn't the star's material). Therefore, black holes are significantly smaller in volume.

Second, do black holes rotate faster than 5000 rotations per second? Stellar black holes inherit angular momentum from the progenitor star. While the collapse increases the rotation rate (conservation of angular momentum), the fastest observed and theoretically possible rotation rates for stellar black holes are close to, but generally below, 1000 rotations per second. Some supermassive black holes can have faster rotation rates, but the statement refers to those formed from stellar collapse. 5000 rotations per second is extremely fast, and not typical for stellar black holes.

Since the second part of the statement is false, the entire statement is false.

false
0.95"
"The relationship within a scattered star cluster is relatively loose, without a regular shape. ",True,true,0.95,Astro-QA_Judgement,"Reasoning:
Star clusters are broadly categorized into two types: globular clusters and open (or scattered) clusters. Globular clusters are densely packed, spherically shaped, and contain very old stars. Open clusters, on the other hand, are much more loosely bound, often irregular in shape, and contain younger stars. The question specifically refers to *scattered* star clusters, which is another name for open clusters. Therefore, the statement that the relationship within a scattered star cluster is relatively loose and lacks a regular shape aligns with the characteristics of open clusters.

true
0.95"
The formation of Uranus's peculiar seasons is due to its unique rotational characteristics. ,True,true,0.95,Astro-QA_Judgement,"Reasoning:
Uranus has a very extreme axial tilt – it rotates on its side, with an axial tilt of about 98 degrees. This means that its poles experience decades of sunlight followed by decades of darkness. This extreme tilt is the primary driver of its unusual seasons, not just any ""unique rotational characteristics"". While the rotation itself is unique, it's the *tilt* that causes the seasons to be so peculiar. Therefore, the statement is true.

true
0.95"
"Venus rotates ""backwards"" (clockwise). ",True,true,0.95,Astro-QA_Judgement,"Reasoning:
The question asks whether Venus rotates clockwise, which is considered ""backwards"" compared to most planets in our solar system. Most planets rotate counter-clockwise when viewed from above their North Pole. Venus is a notable exception. Scientific observations have confirmed that Venus has a retrograde rotation, meaning it rotates from east to west, resulting in a clockwise appearance.

true
0.95"
The Bullet Cluster (1E0657-56) holds significant value in astronomy as it is the first celestial system where the existence of dark matter was directly confirmed. ,True,true,0.95,Astro-QA_Judgement,"Reasoning:
The Bullet Cluster is a well-known and important system in astronomy. It resulted from the collision of two galaxy clusters. Observations of the Bullet Cluster showed a separation between the visible matter (mostly gas, which interacts and slows down during the collision) and the gravitational lensing effects (which trace the total mass, including dark matter). The lensing effects were found to be centered on regions *away* from the visible matter, indicating that most of the mass is not in the form of ordinary matter. This was interpreted as strong evidence for the existence of dark matter and that it doesn't interact with itself or ordinary matter in the same way. While dark matter's existence was hypothesized before, the Bullet Cluster provided the first *direct* observational evidence. Therefore, the statement is true.

true
0.95"
The constellation of the Turtle still exists. ,False,false,0.95,Astro-QA_Judgement,"Reasoning:
The question asks if the constellation of the Turtle still exists. Historically, there was a constellation called the Turtle, recognized in Chinese astronomy. However, the International Astronomical Union (IAU) is the body responsible for officially recognizing constellations. The IAU officially recognizes 88 constellations. The Turtle is *not* one of them. While the asterism (pattern of stars) may still be visible, it is not an officially recognized constellation. Therefore, the statement that the constellation of the Turtle still exists is false in the context of modern astronomical definitions.

false
0.95"
"According to ancient Chinese records, the characteristics of supernova explosions include their sudden appearance, exceptional brightness, and long duration. ",True,true,0.95,Astro-QA_Judgement,"Reasoning:
The question asks about the accuracy of ancient Chinese records regarding supernova characteristics. Ancient Chinese astronomers were meticulous observers of the sky and *did* record ""guest stars"" which we now know were supernovae. These records consistently mention sudden appearances (appearing where no star was before), extreme brightness (often described as brighter than Venus), and a fading over months or years – a relatively long duration compared to typical stars. The records from events like SN 1054 (the Crab Nebula supernova) and SN 1006 demonstrate these observations. Therefore, the statement accurately reflects what ancient Chinese records describe.

true
0.95"
"According to calculations by solar physicists, the lifespan of the Sun should be about 5 billion years. ",False,true,0.95,Astro-QA_Judgement,"Reasoning:
The question asks about the calculated lifespan of the Sun according to solar physicists. Current models of stellar evolution, based on the Sun's mass and composition, predict a lifespan of approximately 10 billion years. The Sun is about 4.6 billion years old, leaving roughly 5.4 billion years of life remaining. While estimates can vary slightly, 5 billion years is a reasonable and commonly cited approximation for the remaining lifespan. Therefore, the statement is true.

true
0.95"
"To date, only the United States has achieved close-range exploration around Mars. ",False,false,0.95,Astro-QA_Judgement,"Reasoning:
The question asks whether only the United States has achieved close-range exploration around Mars. Close-range exploration implies orbiting, landing, or roving on the surface of Mars. The United States has certainly done this with missions like the Viking landers, Pathfinder, Spirit, Opportunity, Curiosity, and Perseverance rovers, and the Insight lander, as well as orbiters like Mariner 9, Mars Global Surveyor, and Mars Reconnaissance Orbiter. However, other countries have also achieved close-range exploration of Mars. For example, the European Space Agency (ESA) has the Mars Express orbiter and contributed to the ExoMars Trace Gas Orbiter. India's Mars Orbiter Mission (Mangalyaan) successfully orbited Mars. China's Tianwen-1 mission included an orbiter, lander, and rover (Zhurong) that successfully landed on Mars. Therefore, the statement that only the United States has achieved close-range exploration around Mars is false.

false
0.95"
It is estimated that there should be 1 million stellar black holes in the Milky Way. ,True,true,0.75,Astro-QA_Judgement,"Reasoning:
The number of stellar black holes in the Milky Way is a topic of ongoing research and estimation. Early estimates were much lower, but as observational techniques have improved (particularly with gravitational wave detection and improved X-ray astronomy), the estimates have been revised upwards. Current estimates, based on observations of X-ray binaries and gravitational wave events, suggest that there could be anywhere from 10 million to 100 million stellar black holes in the Milky Way. 1 million is on the lower end of current estimates, but was a reasonable estimate a few years ago. Given the range of estimates and the fact that it *could* be around 1 million, it's reasonable to consider the statement true.

true
0.75"
"The formation of a black hole must involve a spatial boundary where photons cannot escape, known as the event horizon. ",True,true,0.95,Astro-QA_Judgement,"Reasoning:
A black hole is defined by its immense gravitational pull, so strong that nothing, not even light (photons), can escape from within a certain region. This region is specifically called the event horizon. The event horizon isn't a physical surface, but rather a boundary in spacetime. Once something crosses the event horizon, it cannot return to the outside universe. Therefore, the statement accurately describes a fundamental characteristic of black hole formation.

true
0.95"
The reason why Type Ia supernovae are used as standard cosmic candles is that their brightness is constant when they explode. ,True,false,0.95,Astro-QA_Judgement,"Reasoning:
Type Ia supernovae originate from the explosion of a white dwarf star that has reached the Chandrasekhar limit (approximately 1.4 solar masses). This limit is a critical mass, and when a white dwarf exceeds it – typically by accreting matter from a companion star – it undergoes a runaway nuclear fusion of carbon and oxygen. Because the explosion *always* involves roughly the same mass of material undergoing fusion, the resulting energy released is remarkably consistent. This consistency in energy output translates to a consistent peak luminosity. It's this consistent peak luminosity, not a constant brightness throughout the explosion, that makes them useful as standard candles. While their brightness does decrease over time, the initial peak luminosity is what's crucial for distance calculations. Therefore, the statement that their brightness is *constant* when they explode is inaccurate; it's the *peak luminosity* that is consistent.

false
0.95"
The advent of artificial satellites has provided excellent opportunities for the study of cosmic rays. ,True,true,0.95,Astro-QA_Judgement,"Reasoning:
Cosmic rays are high-energy particles originating from outside the Earth's atmosphere. Before the advent of artificial satellites, studying cosmic rays was limited to ground-based observations and high-altitude balloon experiments. These methods are hampered by the Earth's atmosphere, which absorbs and scatters many cosmic rays, distorting their original characteristics. Satellites, being above the atmosphere, provide a direct and unobstructed view of cosmic rays, allowing for more accurate measurements of their energy, composition, and direction. This has led to significant advancements in our understanding of cosmic ray origins and propagation. Therefore, the statement is true.

true
0.95"
Aurora is a phenomenon caused by the activity of solar wind particles. ,True,true,0.95,Astro-QA_Judgement,"Reasoning:
The aurora borealis (Northern Lights) and aurora australis (Southern Lights) are well-known natural light displays in the sky, predominantly seen in the high-latitude regions (around the Arctic and Antarctic). These displays are caused by disturbances in the magnetosphere caused by the solar wind. The solar wind, a stream of charged particles released from the Sun, interacts with the Earth's magnetic field. These particles are funneled towards the poles, where they collide with atmospheric gases (oxygen and nitrogen), exciting them and causing them to emit light. Therefore, the statement that aurora is a phenomenon caused by the activity of solar wind particles is accurate.

true
0.95"
The acceleration due to gravity is the same at different locations on Earth. ,False,false,0.95,Astro-QA_Judgement,"Reasoning:
The acceleration due to gravity is *not* the same at different locations on Earth. It varies due to several factors. First, Earth is not a perfect sphere; it's an oblate spheroid, meaning it's wider at the equator than at the poles. This means a person at the equator is farther from the Earth's center than a person at the poles. Since gravitational force decreases with distance, the acceleration due to gravity is slightly less at the equator. Second, Earth's rotation creates centrifugal force, which opposes gravity. This effect is strongest at the equator and weakest at the poles, further reducing the effective acceleration due to gravity at the equator. Third, local variations in density within the Earth (due to different rock types and geological formations) also cause slight variations in gravity. Finally, altitude also plays a role, as gravity decreases with increasing altitude.

false
0.95"
"In determining the direction of the night sky's diurnal motion, the left-handed spiral system is only effective for the starry sky observed in the Southern Hemisphere. ",False,false,0.95,Astro-QA_Judgement,"Reasoning:
The diurnal motion of the night sky refers to the apparent movement of stars across the sky due to Earth's rotation. This motion appears as a circular path, and its direction depends on the observer's location. The ""left-handed spiral system"" refers to a way of visualizing this motion, where the apparent rotation is counter-clockwise when viewed from the North Pole. This system is effective in the Northern Hemisphere because the stars appear to rotate counter-clockwise around the North Star (Polaris). In the Southern Hemisphere, the apparent rotation is clockwise around the South Celestial Pole, which is a right-handed spiral system. Therefore, the statement that the left-handed spiral system is *only* effective for the Southern Hemisphere is incorrect; it's effective for the Northern Hemisphere.

false
0.95"
The Galileo probe only reached the surface of Jupiter. ,True,false,0.95,Astro-QA_Judgement,"Reasoning:
The Galileo probe was part of the Galileo mission to Jupiter. The Galileo mission consisted of an orbiter and a probe. The orbiter studied Jupiter and its moons from orbit for several years. The probe was designed to enter Jupiter's atmosphere and transmit data back to Earth. However, the probe did *not* reach the surface of Jupiter. Jupiter is a gas giant and does not have a solid surface. The probe was crushed by the increasing pressure as it descended into the atmosphere, transmitting data for about an hour before being destroyed. It stopped transmitting data well before reaching any hypothetical ""surface"".

false
0.95"
The sun is currently a main sequence star on the Hertzsprung-Russell diagram. ,True,true,1.0,Astro-QA_Judgement,"Reasoning:
The Hertzsprung-Russell (H-R) diagram is a scatter plot of stars showing their luminosity versus their surface temperature. Stars spend most of their lives on the main sequence, fusing hydrogen into helium in their cores. Our sun is currently in this stable phase, fusing hydrogen. Therefore, the sun is currently a main sequence star.

true
1.0"
"The spectral characteristics of blackbody radiation are only related to the material of the blackbody, and are not related to temperature. ",False,false,0.95,Astro-QA_Judgement,"Reasoning:
Blackbody radiation is a fundamental concept in physics. A blackbody is defined as an object that absorbs all incident electromagnetic radiation, regardless of frequency or angle. It then emits radiation based solely on its temperature. The spectral characteristics – the intensity of radiation emitted at each wavelength – are described by Planck's law. Planck's law explicitly shows that the emitted radiation *depends* on temperature. Higher temperatures lead to higher intensities at all wavelengths, and also a shift towards shorter wavelengths (Wien's displacement law). The material composition of a blackbody doesn't affect the emitted radiation; only its temperature does. Therefore, the statement that the spectral characteristics are *not* related to temperature is false.

false
0.95"
NASA astronauts play golf on the moon. ,True,true,0.95,Astro-QA_Judgement,"Reasoning:
The question asks if NASA astronauts have played golf on the moon. Alan Shepard, commander of Apollo 14, famously hit two golf balls on the moon in 1971. While it wasn't a full game, he did swing a six-iron and hit the balls. Therefore, the statement is true.

true
0.95"
The history of human civilization is 6 orders of magnitude shorter than the history of the Earth. ,True,false,0.95,Astro-QA_Judgement,"Reasoning:
Let's break this down. An order of magnitude represents a factor of 10. We need to compare the length of human civilization to the age of the Earth.

The Earth is approximately 4.54 billion years old, or 4.54 x 10^9 years.
""Human civilization"" is a bit fuzzy, but let's take a conservative estimate of 6000 years (starting with the first civilizations in Mesopotamia). This is 6 x 10^3 years.

To find out how many orders of magnitude shorter human civilization is, we divide the age of the Earth by the length of human civilization:
(4.54 x 10^9) / (6 x 10^3) = 756.67

Now we need to find the base-10 logarithm of this result to determine the number of orders of magnitude:
log10(756.67) ≈ 2.88

Since 2.88 is less than 6, the statement that human civilization is 6 orders of magnitude shorter than the history of the Earth is false. It is actually closer to 3 orders of magnitude shorter.

false
0.95"
The light emitted by a nebula is a type of electromagnetic radiation. ,False,true,1.0,Astro-QA_Judgement,"Reasoning:
Nebulae are vast clouds of gas and dust in space. They emit light due to various processes like ionization, heating by nearby stars, and even chemical reactions. Light, by definition, is a form of electromagnetic radiation. Therefore, the light emitted by a nebula *must* be a type of electromagnetic radiation.

true
1.0"
Europa may be tidally locked. ,False,true,0.95,Astro-QA_Judgement,"Reasoning:
Tidal locking occurs when the gravitational gradient between a celestial body and its orbiting object causes the orbiting object to have a synchronous rotation period with the celestial body. This means the orbiting object always shows the same face to the celestial body. The Earth is tidally locked to the Moon, although not perfectly. Europa orbits Jupiter, and Jupiter is a very massive planet. Given the proximity of Europa to Jupiter, and Jupiter's immense gravity, it is highly probable that Europa is tidally locked to Jupiter. While not definitively *proven*, it is the widely accepted scientific hypothesis.

true
0.95"
Galactic black holes are the products of stars that have evolved to the end of their lives. ,False,true,0.95,Astro-QA_Judgement,"Reasoning:
The question asks about the origin of galactic black holes. We know that stars have a life cycle, and massive stars, at the end of their lives, can collapse under their own gravity. This collapse can result in the formation of a black hole. These stellar-mass black holes are found throughout galaxies, and contribute to the population of galactic black holes. While supermassive black holes at the centers of galaxies have a more complex origin story (likely involving mergers and accretion), the statement refers to galactic black holes generally as products of stellar evolution. Therefore, the statement is true.

true
0.95"
"In 1801, Ceres was once classified as one of the eight major planets in the solar system. ",True,true,0.95,Astro-QA_Judgement,"Reasoning:
Ceres was discovered in 1801, and initially, it *was* considered a planet. For several decades after its discovery, it was listed as the eighth planet. However, as more objects were discovered in the asteroid belt, astronomers realized Ceres was much smaller than the other planets and different in composition. Eventually, it was reclassified as a dwarf planet in 2006 by the International Astronomical Union (IAU). So, the statement that it *once* was classified as one of the eight major planets is historically accurate.

true
0.95"
New stars are a class of variable stars. ,True,true,0.95,Astro-QA_Judgement,"Reasoning:
The question asks if new stars are a class of variable stars. Variable stars are stars whose brightness fluctuates over time. New stars, referring to novae and supernovae, are stellar explosions that result in a dramatic *increase* in brightness. This increase and subsequent decrease in brightness certainly qualifies them as variable. Therefore, new stars *are* a class of variable stars.

true
0.95"
The horizon refers to the physical boundary of a black hole. ,False,false,0.95,Astro-QA_Judgement,"Reasoning:
The horizon of a black hole is often referred to as the event horizon. The event horizon is *not* a physical boundary, but rather a boundary in spacetime beyond which events cannot affect an outside observer. It's the point of no return - anything crossing it, including light, cannot escape. A physical boundary would imply a surface you could potentially interact with, which isn't the case with the event horizon. It's a mathematical surface defined by gravity.

false
0.95"
"In bright nebulae, the red ones are emission nebulae and the blue ones are reflection nebulae. ",True,true,0.9,Astro-QA_Judgement,"Reasoning:
Emission nebulae appear red because of the hydrogen gas within them being ionized by nearby stars and then emitting light at specific wavelengths, including red (H-alpha). Reflection nebulae, on the other hand, do not emit their own light. Instead, they reflect the light of nearby stars. Blue light is scattered more efficiently than red light (this is why our sky is blue), so reflection nebulae tend to appear blue. Therefore, the statement that red nebulae are emission nebulae and blue ones are reflection nebulae is generally true.

true
0.9"
The Gnomon was an ancient astronomical instrument used to observe the trajectory of the moon. ,False,false,0.95,Astro-QA_Judgement,"Reasoning:
The Gnomon is a very old astronomical instrument, but its primary function was to measure time by casting a shadow, and to observe the sun's path, not specifically the moon's trajectory. While it *could* be used to observe the moon's position, that wasn't its main purpose. It's more closely associated with sundials and determining solstices. Therefore, the statement is false.

false
0.95"
The habitable zones of planetary systems around stars of different spectral types are all located at the same distance. ,False,false,0.95,Astro-QA_Judgement,"Reasoning:
The habitable zone is defined as the region around a star where liquid water could exist on a planet's surface. The amount of energy a planet receives from its star dictates its surface temperature. Stars of different spectral types have different luminosities (energy output). Hotter, more massive stars (like O and B types) are much more luminous than cooler, less massive stars (like K and M types). 

Because of this difference in luminosity, the habitable zone is closer to hotter stars and farther from cooler stars. For example, a planet needs to be much closer to a K or M star to receive enough energy for liquid water than it would around a G-type star like our Sun. Therefore, habitable zones are *not* located at the same distance for stars of different spectral types.

false
0.95"
There are asteroids named Tom Hanks and Meryl. ,True,true,0.95,Astro-QA_Judgement,"Reasoning:
The question asks if there are asteroids named Tom Hanks and Meryl. I recall reading news articles about asteroids being named after celebrities, specifically Tom Hanks. I also remember reading about an asteroid named after Meryl Streep. Therefore, it is likely that asteroids are indeed named Tom Hanks and Meryl (or Meryl Streep).

true
0.95"
The formulas for calculating the redshift Z in both classical mechanics and special relativity are approximately interchangeable when dealing with celestial bodies whose recessional velocities are much less than the speed of light (v << c). ,True,true,0.95,Astro-QA_Judgement,"Reasoning:
The redshift (Z) is a measure of how much the wavelength of light from an object is stretched due to its motion away from the observer. In classical mechanics, the redshift is calculated using the Doppler effect formula for sound, adapted for light. This formula is Z ≈ v/c, where v is the recessional velocity and c is the speed of light.

In special relativity, the relativistic Doppler effect formula is used, which accounts for time dilation and length contraction. This formula is more accurate at high velocities. However, when v is much smaller than c (v << c), the relativistic formula simplifies to approximately the same form as the classical formula: Z ≈ v/c.

Therefore, for celestial bodies with low recessional velocities, the classical and relativistic formulas yield nearly identical results, making them approximately interchangeable.

true
0.95"
The constellation of the Toad still exists today. ,False,false,0.95,Astro-QA_Judgement,"Reasoning:
The question asks if the constellation of the Toad still exists today. Constellations are patterns of stars as seen from Earth. These patterns don't physically exist as connected objects, but are a matter of perspective. The constellation of the Toad (Bufus) was a constellation recognized by Johannes Hevelius in the 17th century. However, it is no longer officially recognized by the International Astronomical Union (IAU). The IAU is the body responsible for officially recognizing constellations. While the stars that *formed* the pattern still exist, the constellation itself is considered obsolete. Therefore, the constellation of the Toad does not exist today in the official sense.

false
0.95"
The annual motion of the stars is caused by the Earth's revolution around the Sun. ,True,true,0.95,Astro-QA_Judgement,"Reasoning:
The apparent annual motion of the stars, meaning their changing positions in the night sky over the course of a year, is not due to the stars themselves physically moving significantly within that timeframe. Instead, it's an effect of Earth's orbit around the Sun. As Earth travels around the Sun, our perspective on the distant stars changes. This change in perspective makes it *appear* as though the stars are moving in a circular path throughout the year. If the Earth did not revolve around the Sun, we would always see the same stars in the same positions (ignoring proper motion, which is a very slow, actual movement of stars).

true
0.95"
The asteroid belt is located between Mars and Jupiter. ,True,true,1.0,Astro-QA_Judgement,"Reasoning:
The asteroid belt is a region of space between the orbits of Mars and Jupiter where most of the asteroids in our solar system are found. This is a well-established fact in astronomy. Therefore, the statement that the asteroid belt is located between Mars and Jupiter is true.

true
1.0"
Aurora can be observed on the moon. ,False,false,0.95,Astro-QA_Judgement,"Reasoning:
Auroras are caused by charged particles from the sun interacting with a planet's atmosphere and magnetic field. Earth has a substantial atmosphere and a global magnetic field, which is why we see auroras. The moon, however, has virtually no atmosphere and no global magnetic field. While the moon does experience some interaction with the solar wind, it's not enough to create the visible light displays we associate with auroras. There have been some detections of faint aurora-like emissions on the moon, but these are very different from Earth's auroras and are caused by charge buildup on the lunar surface, not atmospheric interactions. Therefore, observing a traditional aurora on the moon is not possible.

false
0.95"
The transit method generally tends to discover larger exoplanets more easily. ,True,true,0.95,Astro-QA_Judgement,"Reasoning:
The transit method relies on detecting the slight dimming of a star's light as a planet passes in front of it. The amount of dimming is proportional to the area of the planet relative to the star. Larger planets block more light, creating a more noticeable dip in brightness, making them easier to detect. Smaller planets cause a smaller dip, which is harder to distinguish from stellar variability or instrument noise. Therefore, the transit method is biased towards finding larger exoplanets.

true
0.95"
"The earliest physical evidence of dragon totem was unearthed from an ancient tomb in Puyang, Henan in 1987. ",True,true,0.95,Astro-QA_Judgement,"Reasoning:
The question asks about the earliest physical evidence of a dragon totem being unearthed in Puyang, Henan in 1987. A quick search confirms that a dragon-shaped jade artifact was indeed discovered in the Puyang tomb in 1987, and it is considered significant evidence of early dragon totem worship in China. This artifact dates back to the Yangshao culture period (around 7000 years ago). Therefore, the statement is true.

true
0.95"
"The Milky Way is capable of rotation, and different parts rotate at varying speeds. ",True,true,0.99,Astro-QA_Judgement,"Reasoning:
The Milky Way is a spiral galaxy, and spiral galaxies are known to rotate. It's not a solid body, so different parts would naturally rotate at different speeds. Stars closer to the galactic center experience stronger gravitational pull and thus orbit faster, while those further out orbit slower. This is known as differential rotation. This is a well-established astronomical fact.

true
0.99"
The Bullet Cluster (1E0657-56) holds significant value in the field of astronomy as it is the first celestial system where the existence of dark matter was directly confirmed. ,True,true,0.95,Astro-QA_Judgement,"Reasoning:
The Bullet Cluster is a well-known and important system in astronomy. It's famous because observations of it provided strong evidence for the existence of dark matter, separate from visible matter. Specifically, the separation of the hot gas (visible matter) from the gravitational lensing effects (indicating the location of mass, and thus dark matter) during the collision of two galaxy clusters was key. While dark matter's existence was *hypothesized* before, the Bullet Cluster provided some of the first *direct* evidence supporting it. Therefore, the statement is true.

true
0.95"
The duration of an annular eclipse cannot exceed 11 minutes. ,False,false,0.95,Astro-QA_Judgement,"Reasoning:
An annular eclipse occurs when the Moon is farthest from Earth and doesn't completely cover the Sun. This results in a bright ring (annulus) of sunlight surrounding the Moon. The duration of an annular eclipse depends on several factors, including the positions of the Sun, Earth, and Moon, and their relative speeds. The longest possible duration of an annular eclipse is limited by the geometry of the event and the speeds involved. While total solar eclipses can have durations exceeding 7 minutes, annular eclipses are generally shorter. The maximum duration of an annular eclipse is around 8 minutes, but it rarely reaches that length. 11 minutes is significantly longer than the maximum possible duration.

false
0.95"
The value of Hubble's constant varies in different historical periods. ,True,true,0.95,Astro-QA_Judgement,"Reasoning:
Hubble's constant (H₀) represents the rate at which the universe is expanding. Initially, it was thought to be constant, but observations over the past few decades have revealed discrepancies in its measured value depending on the method used. Measurements based on the Cosmic Microwave Background (CMB) tend to give a lower value than those based on observations of nearby supernovae and Cepheid variables. This discrepancy suggests that the expansion rate may have changed over time, or that there is some unknown physics at play. Therefore, the value of Hubble's constant is not truly constant across different historical periods, or at least, our measurements suggest it isn't.

true
0.95"
The absence of evidence for extraterrestrial life does not constitute evidence for the absence of extraterrestrial life. ,True,true,0.95,Astro-QA_Judgement,"Reasoning:
The statement is a classic expression of a logical principle. It highlights the difference between a lack of proof and a proof of non-existence. Just because we haven't *found* evidence of something doesn't mean it doesn't exist. There could be many reasons why we haven't found it – our search methods might be inadequate, the distances involved might be too vast, or extraterrestrial life might be too different from what we expect. The statement is essentially saying that failing to find something is not the same as finding that it isn't there. This is a fundamental concept in scientific reasoning and philosophy.

true
0.95"
Astronauts on the International Space Station become weightless because there is no gravity in space. ,False,false,0.95,Astro-QA_Judgement,"Reasoning:
The statement claims astronauts are weightless due to the absence of gravity. This is a common misconception. Gravity *does* exist at the altitude of the International Space Station (ISS). In fact, the ISS orbits Earth *because* of gravity. The feeling of weightlessness experienced by astronauts is due to freefall. Both the ISS and the astronauts are constantly falling towards Earth, but they are also moving forward at a high velocity. This forward motion, combined with the constant fall, results in a continuous orbit around Earth. This state of falling freely is what creates the sensation of weightlessness, not the lack of gravity.

false
0.95"
Meteor phenomena can be observed on the moon. ,False,false,0.95,Astro-QA_Judgement,"Reasoning:
Meteor phenomena, commonly known as shooting stars, are caused by small particles (meteors) entering Earth's atmosphere and burning up due to friction. The moon does not have a substantial atmosphere. Without an atmosphere, there is nothing for the meteors to burn up in, and therefore no visible streak of light. While meteors *impact* the moon, this is not the same as observing a meteor *phenomenon* (the light trail). Therefore, meteor phenomena cannot be observed on the moon.

false
0.95"
"Due to the harsh environment of Venus, no spacecraft has landed on its surface. ",False,false,0.95,Astro-QA_Judgement,"Reasoning:
The question asks if no spacecraft has *landed* on Venus. While it's true the environment is harsh, several Soviet spacecraft *did* successfully land on Venus, though they didn't survive for very long due to the extreme temperature and pressure. Venera 7 was the first spacecraft to transmit data from the surface of Venus in 1970. Several other Venera probes also landed and transmitted data for a short time. Therefore, the statement that no spacecraft has landed on Venus is false.

false
0.95"
A solar eclipse can be observed both on Earth and Mars. ,False,true,0.95,Astro-QA_Judgement,"Reasoning:
A solar eclipse occurs when a celestial body passes between the Sun and an observer, blocking the Sun's light. On Earth, this is typically the Moon passing between the Sun and Earth. Mars has two moons, Phobos and Deimos. These moons are small and irregularly shaped. They *can* pass between the Sun and Mars, causing a solar eclipse on Mars. However, because of their size and orbits, these eclipses are very different from those on Earth – they are partial and don't completely block the Sun. Therefore, solar eclipses can indeed be observed on both Earth and Mars.

true
0.95"
"Throughout their lives, stars generate outward pressure through nuclear fusion reactions to counteract the immense gravitational force pulling inward. ",True,true,1.0,Astro-QA_Judgement,"Reasoning:
Stars are massive objects, and gravity constantly tries to collapse them. The primary mechanism that prevents this collapse is nuclear fusion in the core. Nuclear fusion releases tremendous amounts of energy, creating outward pressure. This outward pressure balances the inward pull of gravity, establishing a state of hydrostatic equilibrium. Without this balance, stars would quickly collapse under their own weight. This is a fundamental concept in stellar astrophysics.

true
1.0"
The discovery of cosmic background radiation is a direct negation of the Big Bang theory. ,False,false,0.99,Astro-QA_Judgement,"Reasoning:
The Big Bang theory predicts the existence of cosmic background radiation (CMB) as a remnant of the early universe's hot, dense state. As the universe expanded and cooled, this radiation should have redshifted to microwave frequencies and become uniformly distributed across the sky. The discovery of CMB in 1964 by Penzias and Wilson was a major confirmation of the Big Bang theory, not a negation of it. In fact, the properties of the CMB – its blackbody spectrum and slight temperature fluctuations – provide strong evidence supporting the Big Bang model. Therefore, the statement that the discovery of CMB is a direct negation of the Big Bang theory is false.

false
0.99"
"Scientists have collected a library of sounds and images, which they have sent into space for aliens to find. ",True,true,0.95,Astro-QA_Judgement,"Reasoning:
The question asks if scientists have sent a library of sounds and images into space for aliens to find. This refers to the Voyager Golden Record, which was launched with the Voyager 1 and Voyager 2 spacecraft in 1977. The record contains sounds and images selected to portray the diversity of life and culture on Earth, with the intention that extraterrestrial civilizations might find it. Therefore, the statement is true.

true
0.95"
"The unity and opposition of diversity and uniformity in biology are essentially issues of gene composition, sequence, and expression. ",True,true,0.95,Astro-QA_Judgement,"Reasoning:
The statement touches upon a core concept in biology – how both similarities and differences arise within and between organisms. These similarities and differences are fundamentally rooted in the genetic material (DNA). Gene composition refers to the types of genes an organism possesses. Gene sequence refers to the specific order of nucleotides within those genes. Gene expression refers to how those genes are activated or deactivated, leading to different traits. Diversity arises from variations in gene sequences and expression patterns, while uniformity stems from shared genetic components. The interplay between these factors dictates the observable characteristics of organisms. Therefore, the statement accurately reflects the biological basis of diversity and uniformity.

true
0.95"
"Due to the barriers of time and space, exploring extraterrestrial civilizations is incredibly challenging. ",True,true,0.95,Astro-QA_Judgement,"Reasoning:
The statement highlights the difficulties in exploring extraterrestrial civilizations. These difficulties stem from the vast distances (space) and the limitations of travel speed (time). Even traveling at the speed of light, reaching even nearby stars would take years, and many stars are much further away. This makes direct exploration extremely challenging with current or foreseeable technology. The barriers of time and space are fundamental obstacles to such endeavors. Therefore, the statement is accurate.

true
0.95"
There are two intermittently erupting giant plumes of water on Europa. ,True,true,0.85,Astro-QA_Judgement,"Reasoning:
Europa is a moon of Jupiter and is known to have a subsurface ocean. There has been evidence suggesting plumes of water erupting from Europa's surface, potentially originating from this ocean. These plumes were initially detected by the Hubble Space Telescope, and later observations have provided further support for their existence, though their intermittent nature makes consistent observation difficult. While the existence of these plumes isn't definitively proven with 100% certainty, the evidence strongly suggests they exist. The question specifies *two* intermittently erupting plumes, and while initial observations focused on one location, subsequent research has indicated the possibility of multiple plume locations. Therefore, the statement is likely true.

true
0.85"
The magnitude and spectral type of Cygnus X-1 are data pertaining to the giant star in a black hole-giant binary system. ,True,true,0.95,Astro-QA_Judgement,"Reasoning:
Cygnus X-1 is a well-known X-ray binary system consisting of a stellar-mass black hole and a blue supergiant star. The black hole is invisible, but its presence is inferred from the X-ray emissions produced as material falls into it from the companion star. The companion star *is* a blue supergiant, and its magnitude and spectral type are indeed observable and important characteristics used to study the system. Therefore, the statement is true.

true
0.95"
"The annual apparent motion of the Sun is not an actual movement of the Sun, but a reflection of the Earth's revolution. ",True,true,0.95,Astro-QA_Judgement,"Reasoning:
The question asks about the apparent motion of the Sun as observed from Earth. We know that the Earth revolves around the Sun. This revolution creates the *illusion* that the Sun is moving around the Earth. Historically, this was believed to be true (geocentric model), but we now understand it's the Earth's movement that causes the apparent solar motion. Therefore, the statement accurately describes the situation.

true
0.95"
The constellation Lyra still exists. ,True,true,0.99,Astro-QA_Judgement,"Reasoning:
Constellations are patterns of stars as seen from Earth. While individual stars within constellations do change positions over vast timescales, and some stars may disappear, the *patterns* we recognize as constellations persist as long as the stars forming those patterns are still visible from Earth. Lyra is a well-known constellation containing the bright star Vega. There's no evidence to suggest the stars of Lyra have significantly changed position or disappeared, so the constellation still exists.

true
0.99"
The Hubble relation indicates that the recessional velocity of a galaxy is directly proportional to its distance. ,True,true,1.0,Astro-QA_Judgement,"Reasoning:
The Hubble relation, also known as Hubble's Law, is a cornerstone of modern cosmology. It states that the farther a galaxy is from us, the faster it is moving away from us. This relationship is expressed mathematically as v = H₀d, where v is the recessional velocity, d is the distance, and H₀ is the Hubble constant. This equation clearly demonstrates a direct proportionality between recessional velocity and distance.

true
1.0"
Free neutrons will combine with protons to directly form helium atoms. ,False,false,0.95,Astro-QA_Judgement,"Reasoning:
Free neutrons do not directly combine with protons to form helium atoms. The process of forming helium from protons and neutrons happens through a series of steps. First, a proton and a neutron combine to form deuterium (a hydrogen isotope). Then, deuterium can combine with another proton to form helium-3, and helium-3 can combine with a neutron to form helium-4. Alternatively, two deuterium atoms can fuse to form helium-3. These are nuclear fusion reactions that require specific conditions (high temperature and pressure) and involve intermediate steps. A single neutron combining directly with a single proton would result in deuterium, not helium. Helium formation requires multiple protons and neutrons and a series of fusion events.

false
0.95"
The ability for a spacecraft to land on a planet largely depends on whether the planet has a dense atmosphere. ,True,true,0.85,Astro-QA_Judgement,"Reasoning:
A dense atmosphere provides drag, which can be used for slowing a spacecraft down during descent. This is crucial for landing safely, as it reduces the need for large amounts of propellant for retro-rockets. Planets without a significant atmosphere, like the Moon or Mercury, require much more reliance on rockets for landing. However, a dense atmosphere isn't *always* necessary. Some spacecraft have landed on airless bodies using rockets alone. Also, extremely dense atmospheres can create challenges like excessive heating during entry. But generally, a dense atmosphere makes landing significantly easier and more feasible. Therefore, the statement is largely true.

true
0.85"
"""Open Universe"" refers to the outcome of the universe continuing to expand indefinitely, whereas ""Closed Universe"" describes the scenario where the universe expands to a certain limit and then begins to contract again. ",True,true,0.95,Astro-QA_Judgement,"Reasoning:
The question defines ""Open Universe"" as continuing to expand indefinitely and ""Closed Universe"" as expanding then contracting. This aligns with the standard cosmological definitions. An open universe has insufficient density to halt expansion, while a closed universe has sufficient density for gravity to eventually overcome expansion. A flat universe is the boundary case, where expansion slows but never quite stops. The question accurately describes these concepts.

true
0.95"
"The term ""Big Bang Model"" was first actively conceived by people like Gamow. ",False,true,0.9,Astro-QA_Judgement,"Reasoning:
The Big Bang Model's development wasn't a single event with one originator. While Georges Lemaître first proposed what became known as the Big Bang theory in the 1920s (initially called the ""hypothesis of the primeval atom""), George Gamow and his collaborators (Ralph Alpher and Robert Herman) significantly developed the model in the 1940s and 1950s. They worked on the physics of the early universe, predicting the existence of cosmic microwave background radiation. So, Gamow was a key figure in *actively* conceiving and developing the model, though not the very first to propose the initial idea. The question asks if Gamow was one of the people who *actively conceived* it, which is accurate.

true
0.9"
"As you travel from Beijing to Guangzhou, with the decrease in latitude, the position of the North Star in the night sky rises accordingly. ",False,false,0.95,Astro-QA_Judgement,"Reasoning:
The North Star (Polaris) appears at an angle above the horizon that is approximately equal to the observer's latitude. As you travel from Beijing to Guangzhou, you are moving *south*, which means you are decreasing your latitude. If latitude decreases, the angle of Polaris above the horizon also decreases. Therefore, the position of the North Star would appear *lower* in the sky, not higher.

false
0.95"
"Based on the observations from Gamma-ray Spectrometers and Neutron Spectrometers, Mars may have experienced large-scale climate change. ",True,true,0.95,Astro-QA_Judgement,"Reasoning:
Gamma-ray and neutron spectrometers aboard spacecraft like Mars Odyssey have detected significant amounts of subsurface water ice, particularly at the Martian poles and mid-latitudes. The distribution of this ice suggests that Mars's axial tilt has varied considerably over long timescales (millions of years). Larger axial tilts would lead to more extreme seasons, with ice migrating from the poles to lower latitudes during warmer periods and then refreezing. This cyclical movement of water ice represents a large-scale climate change. The presence of hydrated minerals also supports past warmer, wetter conditions. Therefore, observations from these spectrometers strongly indicate that Mars has experienced substantial climate change.

true
0.95"
The TESS telescope can only observe one area for 27 days. ,True,false,0.9,Astro-QA_Judgement,"Reasoning:
The Transiting Exoplanet Survey Satellite (TESS) is designed to perform a survey of the sky, looking for exoplanets. It does this by observing large portions of the sky for extended periods. While it's true that TESS has a limited observation time for any *single* area of the sky, the statement that it's *only* 27 days is not entirely accurate. TESS observes each sector of the sky for approximately 27 days during each of its orbits. However, it revisits some sectors for longer observations, and the overall mission duration is much longer than 27 days. The initial mission was planned for two years, and has been extended. Therefore, the statement is a simplification that isn't universally true.

false
0.9"
There is a celestial object named 'Oumuamua. ,True,true,1.0,Astro-QA_Judgement,"Reasoning:
'Oumuamua is a fascinating interstellar object that was observed passing through our solar system in 2017. It was the first interstellar object detected passing through the Solar System. Its unusual shape and trajectory sparked considerable debate about its origin and nature. It is a well-documented astronomical observation. Therefore, the statement that there is a celestial object named 'Oumuamua is true.

true
1.0"
There is a certain scientific basis for constellation fortune-telling. ,False,false,0.95,Astro-QA_Judgement,"Reasoning:
Constellation fortune-telling, also known as astrology, posits that the positions of celestial objects at the time of a person's birth influence their personality, life events, and destiny. Modern science, particularly astronomy and physics, does not support this claim. The positions of stars and planets are determined by gravitational forces and their movements are predictable based on established physical laws. There is no known mechanism by which these positions could exert a discernible influence on individual human lives beyond negligible gravitational effects which are far outweighed by other forces. While astronomy, the scientific study of celestial objects, provides the *data* about the positions of constellations, it does not validate the *interpretations* made by astrology. Numerous studies have attempted to find correlations between astrological predictions and real-world outcomes, and have consistently failed to demonstrate any statistically significant relationship. Therefore, there is no scientific basis for constellation fortune-telling.

false
0.95"
"The ""waxing crescent"" in the astronomical and meteorological sense appears in the evening - ""the waning moon reflects the afterglow."" ",False,false,0.95,Astro-QA_Judgement,"Reasoning:
The statement claims the waxing crescent moon appears in the evening and connects it to the idea of a ""waning moon reflecting the afterglow."" This is incorrect. A waxing crescent moon *rises* in the afternoon and is visible in the *evening*. It's getting *more* illuminated, not less. A waning moon, conversely, is decreasing in illumination and is visible primarily in the morning. The ""afterglow"" description is more fitting for a waning moon, but the statement incorrectly associates it with the waxing crescent. The core error is linking the waxing crescent to the characteristics of a waning moon.

false
0.95"
"Around 21:00 at night, observe the Big Dipper with its handle pointing east, which indicates it is currently autumn. ",False,false,0.95,Astro-QA_Judgement,"Reasoning:
The Big Dipper's position in the sky changes throughout the year as the Earth orbits the Sun. When the Big Dipper's handle points eastward around 9 PM (21:00), it's a strong indicator of springtime, not autumn. In autumn, the Big Dipper is lower in the northern sky and its handle points more towards the northwest. The statement claims it indicates autumn, which is incorrect.

false
0.95"
Earth also has Trojan asteroids. ,True,true,0.95,Astro-QA_Judgement,"Reasoning:
Trojan asteroids are asteroids that share an orbit with a larger planet, congregating around the planet's L4 and L5 points. Jupiter is famously known for its Trojan asteroids. While it was long thought Earth didn't have any, in 2010, the first confirmed Earth Trojan asteroid, 2010 TK7, was discovered. Since then, more have been found, though they are relatively small and difficult to detect. Therefore, the statement that Earth has Trojan asteroids is true.

true
0.95"
Zodiac constellations can only be observed in the northern hemisphere. ,False,false,0.95,Astro-QA_Judgement,"Reasoning:
The statement claims zodiac constellations are only visible in the northern hemisphere. Zodiac constellations are defined by the ecliptic, which is the apparent path of the Sun across the sky over the course of a year. This path is determined by the Earth's orbit around the Sun. The ecliptic crosses the celestial equator, and therefore zodiac constellations are visible from both the northern and southern hemispheres, although the specific constellations visible at a given time will differ based on latitude and time of year. Some zodiac constellations are primarily visible in the southern hemisphere. Therefore, the statement is false.

false
0.95"
The Kuiper Belt objects include Pluto. ,True,true,0.95,Astro-QA_Judgement,"Reasoning:
The Kuiper Belt is a region of the solar system beyond the orbit of Neptune, extending from roughly 30 to 55 AU from the Sun. It is populated with icy bodies, remnants from the solar system's formation. Pluto is located within this region and is therefore considered a Kuiper Belt object. It was reclassified as a dwarf planet in 2006, but its location remains within the Kuiper Belt.

true
0.95"
Phobos is likely to gradually approach Mars. ,True,true,0.95,Astro-QA_Judgement,"Reasoning:
Phobos is one of Mars's moons. It is in a relatively low orbit around Mars, and it's known to be getting closer to the planet. This is due to tidal forces – the gravitational interaction between Mars and Phobos. Because Phobos is not perfectly rigid, Mars's gravity causes tidal bulges on Phobos. The gravitational pull on these bulges slows Phobos down in its orbit, causing it to spiral inward. This inward spiral means Phobos is gradually approaching Mars. Eventually, it is predicted that Phobos will either crash into Mars or be torn apart by tidal forces, forming a ring around the planet.

true
0.95"
"Humans take pictures of galaxies, whether on the ground or in space, and there is always only one angle to shoot from. ",True,false,0.99,Astro-QA_Judgement,"Reasoning:
The statement claims that humans always have only one angle to shoot from when taking pictures of galaxies. This is demonstrably false. Ground-based telescopes can be located at different points on Earth, providing different angles. Space-based telescopes, like Hubble or James Webb, orbit Earth, and their position changes constantly, offering a multitude of viewing angles. Furthermore, even a single telescope can change its orientation to capture different perspectives. The Earth itself is also rotating and orbiting the sun, which changes the angle from which we view galaxies over time. Therefore, the claim of only one angle is incorrect.

false
0.99"
A nova is a newly born star. ,False,false,0.95,Astro-QA_Judgement,"Reasoning:
A nova is a cataclysmic nuclear explosion on a white dwarf star's surface. It happens in a binary system where a white dwarf accretes hydrogen from a companion star. The accumulated hydrogen undergoes a runaway thermonuclear fusion reaction. This is *not* the birth of a new star. A star is born from a collapsing cloud of gas and dust. A nova is an event that happens to an *existing* star. Therefore, the statement is false.

false
0.95"
Newton was a renowned British physicist who proposed the law of universal gravitation and Newton's laws of motion. ,True,true,1.0,Astro-QA_Judgement,"Reasoning:
The question states that Newton was a renowned British physicist who proposed the law of universal gravitation and Newton's laws of motion. This is a well-known and historically accurate statement. Isaac Newton *was* British, and he *is* renowned for these contributions to physics. Therefore, the statement is true.

true
1.0"
"Currently, the detection of black holes is still in a challenging phase. ",True,false,0.95,Astro-QA_Judgement,"Reasoning:
The detection of black holes has historically been very challenging due to their nature – they don't emit light. However, significant advancements have been made in recent years. The Laser Interferometer Gravitational-Wave Observatory (LIGO) and Virgo collaborations have directly detected gravitational waves produced by merging black holes, providing definitive proof of their existence. Furthermore, the Event Horizon Telescope (EHT) has captured the first images of a black hole's shadow. While studying black holes remains complex, these breakthroughs demonstrate that detection is no longer in a purely ""challenging phase"" but has moved into a phase of confirmed detections and ongoing observation. Therefore, the statement is false.

false
0.95"
"In the movie ""Interstellar,"" a black hole would need to be accompanied by a white hole (if they indeed exist) in order for human spacecraft to travel back and forth. ",True,false,0.95,Astro-QA_Judgement,"Reasoning:
The movie ""Interstellar"" depicts travel near the black hole Gargantua and utilizes the concept of a tesseract constructed by future humans to allow Cooper to communicate with his past self. This tesseract isn't a white hole, but a region of spacetime manipulated by beings who have mastered gravity. The film doesn't rely on a white hole existing for travel *through* the black hole, but rather for manipulating spacetime *around* the black hole to create a pathway. While the theoretical connection between black holes and white holes exists in some models (like the Einstein-Rosen bridge or wormhole), ""Interstellar"" doesn't present a white hole as a necessary component for the depicted travel. The movie's mechanism for returning information (and potentially objects) is the tesseract, not a white hole. Therefore, the statement that a white hole is *needed* for travel back and forth is false within the context of the movie.

false
0.95"
"In the painting ""The Universe is a Snake Biting Its Own Tail,"" the head and tail of the snake correspond to the scale of the universe (10^32 meters) and the scale of microscopic particles (10^(-27) meters), respectively. These two scales are closely interconnected. ",True,true,0.85,Astro-QA_Judgement,"Reasoning:
The painting ""The Universe is a Snake Biting Its Own Tail"" by Leonora Carrington is known for its symbolism relating to the Ouroboros, an ancient symbol depicting a snake or dragon eating its own tail. This symbol represents cyclicality, infinity, and the interconnectedness of beginning and end. In the context of physics, the scales mentioned – 10^32 meters (the size of the observable universe) and 10^(-27) meters (the Planck length, a fundamental scale in quantum gravity) – represent the largest and smallest known scales. There's a conceptual link between these scales through theories like quantum gravity and the holographic principle, which suggest a deep relationship between the very large and the very small. Carrington was interested in alchemy and esoteric knowledge, and it's plausible she intended to visually represent this interconnectedness. The statement claims a correspondence between the head (universe scale) and tail (microscopic scale) and highlights their interconnectedness, which aligns with the painting's symbolism and modern physics concepts.

true
0.85"
The constellation Lepus still exists today. ,True,true,0.99,Astro-QA_Judgement,"Reasoning:
Constellations are patterns of stars as seen from Earth. These patterns are relatively stable over human timescales. While stars *within* constellations do move, the constellations themselves persist as recognizable patterns for centuries, even millennia. Lepus is one of the 88 modern constellations recognized by the International Astronomical Union. Since constellations are defined by their patterns and these patterns remain visible, Lepus would still exist today.

true
0.99"
Astronauts grow taller in space. ,True,true,0.95,Astro-QA_Judgement,"Reasoning:
Astronauts experience a reduction in gravitational force in space. On Earth, gravity compresses the spinal discs. In the absence of this compression, the spinal discs expand, leading to an increase in height. This effect is temporary, and astronauts return to their original height upon returning to Earth. Therefore, astronauts do grow taller in space.

true
0.95"
Sirius is the nearest star to the Sun. ,False,false,0.99,Astro-QA_Judgement,"Reasoning:
The question asks if Sirius is the nearest star to the Sun. I know that Proxima Centauri is the nearest star to the Sun. Sirius is a bright star, but it is much further away than Proxima Centauri. Therefore, the statement is false.

false
0.99"
Total solar eclipses will cease to exist after 100 million years. ,False,false,0.95,Astro-QA_Judgement,"Reasoning:
The Moon is currently spiraling away from the Earth at a rate of about 3.8 centimeters per year. This is due to tidal interactions. As the Moon moves further away, its apparent size in the sky will decrease. A total solar eclipse occurs when the Moon completely blocks the Sun's disk. This requires a specific angular size relationship between the Sun and the Moon as viewed from Earth. Eventually, the Moon will be too far away to completely cover the Sun, and total solar eclipses will no longer be possible. Calculations indicate this will happen in approximately 600 million years, not 100 million years. Therefore, the statement is false.

false
0.95"
"""The East has Venus, the West has Mercury"" - The stars referred to as the Morning Star and the Evening Star in the ""Book of Songs"" are respectively Mercury and Venus. ",False,false,0.95,Astro-QA_Judgement,"Reasoning:
The statement claims that the Morning Star and Evening Star in the ""Book of Songs"" refer to Mercury and Venus respectively, with Venus associated with the East and Mercury with the West. However, historically and astronomically, Venus is known as both the Morning Star (appearing in the east before sunrise) and the Evening Star (appearing in the west after sunset). Mercury is also visible as a morning or evening star, but its association with East and West is less prominent and less traditionally linked in ancient texts like the ""Book of Songs"". The common understanding and historical astronomical observations point to Venus being the primary candidate for both Morning and Evening Star designations. Therefore, the statement's specific assignment of Mercury as the Morning Star and Venus as the Evening Star, and their directional association, is incorrect.

false
0.95"
The basis for determining exoplanets through the transit method is that there is a slight decrease in the brightness of the star when the planet transits. ,True,true,0.95,Astro-QA_Judgement,"Reasoning:
The transit method relies on observing the slight dimming of a star's light as a planet passes in front of it, from our perspective. This dimming is caused by the planet blocking a small portion of the star's light. The amount of dimming and the frequency of the transits can then be used to determine properties of the exoplanet, such as its size and orbital period. Therefore, the statement accurately describes the basis of the transit method.

true
0.95"
Can we distinguish Mare Crisium (with a diameter of 520km) on Earth with the naked eye? ,True,true,0.75,Astro-QA_Judgement,"Reasoning:
The question asks if Mare Crisium, a lunar feature with a diameter of 520km, can be seen with the naked eye from Earth. The Moon's average distance from Earth is about 384,400 km. To determine if a feature of 520km diameter is visible, we need to consider the angular size it subtends. Angular size can be approximated by the formula: angular size (in radians) = diameter / distance. Then, convert radians to arcminutes or arcseconds. A typical human eye has a resolution of about 1 arcminute (0.00029 degrees).

Angular size of Mare Crisium = 520 km / 384,400 km ≈ 0.00135 radians.
Converting to degrees: 0.00135 radians * (180/π) ≈ 0.077 degrees.
Converting to arcminutes: 0.077 degrees * 60 arcminutes/degree ≈ 4.6 arcminutes.

Since 4.6 arcminutes is larger than the typical human eye's resolution of 1 arcminute, it *should* be theoretically visible as a slightly blurry dark patch under good observing conditions. However, contrast and atmospheric conditions play a huge role. It's a difficult observation, but not impossible. Given the question asks if it *can* be distinguished, and it's theoretically possible, the answer is true.

true
0.75"
There is a nebula named after Pac-Man. ,True,true,0.95,Astro-QA_Judgement,"Reasoning:
The question asks if a nebula is named after Pac-Man. Nebulae are typically named after mythological figures, objects that look like objects (e.g., Horsehead Nebula), or the astronomers who discover them. It seems highly unlikely a nebula would be named after a video game character. However, it's worth checking if such a naming actually occurred. A quick search reveals the Pacman Nebula (NGC 281) *is* a real nebula, and it's named for its resemblance to the Pac-Man character.

true
0.95"
The experiment on the Eiffel Tower demonstrated that the ionizing radiation measured at Earth's surface comes from space. ,False,true,0.95,Astro-QA_Judgement,"Reasoning:
The experiment conducted by Victor Hess in 1912, using balloon flights (not specifically the Eiffel Tower, though early observations were made from there), demonstrated that ionizing radiation increased with altitude. This observation was crucial because it indicated the radiation wasn't originating from the Earth itself (as would be the case if it were terrestrial in origin and decreased with distance from the source), but rather from *above* the Earth – from space. This radiation is now known as cosmic radiation. The Eiffel Tower was used for early measurements, but the definitive proof came from higher altitude balloon flights. Therefore, the statement is true.

true
0.95"
"The Moon belongs to the United States, and the U.S. has held sovereignty over it since 1969. ",False,false,0.95,Astro-QA_Judgement,"Reasoning:
The claim that the Moon belongs to the United States and that the U.S. has held sovereignty over it since 1969 is a common misconception. The Outer Space Treaty of 1967, signed by the U.S. and many other nations, explicitly states that no nation can claim sovereignty over celestial bodies like the Moon. While the U.S. was the first nation to land humans on the Moon, this does not grant it ownership or sovereignty. The treaty allows for the use of outer space for peaceful purposes and scientific exploration, but prohibits national appropriation. Therefore, the statement is false.

false
0.95"
Gan De is the compiler of the oldest star catalog in the world and the earliest discoverer of Jupiter's third moon. ,True,false,0.95,Astro-QA_Judgement,"Reasoning:
The statement makes two claims about Gan De: 1) He compiled the oldest star catalog, and 2) he discovered Jupiter's third moon. Let's examine each claim.

Regarding the star catalog, Gan De (also known as Jian De) is credited with compiling the oldest known star catalog, which is part of the *Mingtongxingyao* (Essential Stars and Constellations). This catalog dates back to the Jin Dynasty (around 340 AD).

Regarding the discovery of Jupiter's third moon, Gan De observed and recorded a moon of Jupiter in 364 AD. However, identifying *which* moon is a bit tricky. Modern scholars believe he observed Europa, which is Jupiter's fourth moon, not the third. However, historical interpretations have varied, and some sources claim he observed Io, which is the first moon. The claim of the *third* moon is inaccurate.

Since one part of the statement is inaccurate, the entire statement is false.

false
0.95"
Diffuse nebulae are made up of stars. ,False,false,0.95,Astro-QA_Judgement,"Reasoning:
Diffuse nebulae are interstellar clouds of dust, hydrogen, helium and other ionized gases. They are not *made up* of stars, though stars can form *within* them, or be visible *through* them. They are regions of space where star formation occurs, or where stars have exploded and dispersed their material. The material within nebulae obscures or reflects light from stars. Therefore, the statement that diffuse nebulae are made up of stars is incorrect.

false
0.95"
"The world of stars is similar to that of humans, as the length of life does not necessarily correlate with size. ",False,false,0.95,Astro-QA_Judgement,"Reasoning:
The statement compares the relationship between lifespan and size in stars and humans. For humans, this is generally true – a larger person doesn't necessarily live longer. However, for stars, the relationship *is* strongly correlated. Larger, more massive stars burn through their fuel much faster and have significantly shorter lifespans than smaller, less massive stars. A massive star might live for millions of years, while a small star can live for trillions. Therefore, the world of stars is *not* similar to that of humans in this regard.

false
0.95"
"Dark lines in the spectra of the Sun and stars represent the distribution, abundance, and pressure of elements in the atmosphere. ",True,true,0.95,Astro-QA_Judgement,"Reasoning:
Dark lines in the spectra of the Sun and stars are called absorption lines (Fraunhofer lines). These lines are formed when atoms in the cooler outer layers (atmosphere) of the star absorb specific wavelengths of light from the continuous spectrum emitted by the hotter inner layers. The specific wavelengths absorbed depend on the elements present in the atmosphere. The strength (darkness) of the absorption lines is related to the abundance of the element and the pressure/density of the atmosphere. Therefore, analyzing these dark lines allows astronomers to determine the composition, abundance, and physical conditions of the stellar atmosphere.

true
0.95"
"The IAU-SETI has successively conducted communication with the universe through the 21cm band and the radio band, but so far it has gained nothing. ",True,true,0.9,Astro-QA_Judgement,"Reasoning:
The question asks whether the IAU-SETI has conducted communication with the universe and gained nothing. The IAU (International Astronomical Union) is a professional organization for astronomers, and SETI (Search for Extraterrestrial Intelligence) is an effort to search for intelligent life outside Earth. The IAU-SETI is not a formally recognized entity; SETI efforts are conducted by various independent organizations like the SETI Institute. These organizations *have* conducted searches using the 21cm band (hydrogen line) and radio bands, as these are considered promising frequencies for interstellar communication. However, despite decades of searching, no confirmed extraterrestrial signals have been detected. Therefore, it is accurate to say that these efforts have ""gained nothing"" in terms of confirmed contact.

true
0.9"
"Among the major space telescopes, those with infrared detection and imaging capabilities include the ""Hubble"" and ""Spitzer"" telescopes. ",True,true,0.95,Astro-QA_Judgement,"Reasoning:
The question asks whether Hubble and Spitzer are major space telescopes with infrared capabilities. Hubble has some infrared capabilities, though it's primarily known for visible and ultraviolet light. Spitzer was *specifically* designed for infrared astronomy and was a major infrared telescope. Therefore, the statement that both Hubble and Spitzer have infrared detection and imaging capabilities is true.

true
0.95"
Sunspots can be observed on the moon. ,True,false,1.0,Astro-QA_Judgement,"Reasoning:
Sunspots are features on the *Sun*, not the Moon. They are areas of reduced surface temperature caused by concentrations of magnetic field flux that inhibit convection. The Moon reflects sunlight, but doesn't generate its own light or have features like sunspots. Observing sunspots requires looking *at* the Sun, not the Moon. Therefore, the statement is false.

false
1.0"
The criterion for determining whether a lunar month is a leap month is that there is no Zhongqi in this month. ,True,false,0.95,Astro-QA_Judgement,"Reasoning:
A leap month in the lunar calendar is added to keep the lunar calendar aligned with the solar year. The lunar calendar is based on the cycles of the moon, while the solar year is based on the Earth's orbit around the sun. Without leap months, the lunar calendar would drift over time relative to the seasons.

The ""Zhongqi"" refers to the middle day of a lunar month, specifically the 15th day. The absence of a Zhongqi in a month doesn't directly determine if it's a leap month. Instead, leap months are determined by ensuring that the time between two consecutive new moons doesn't fall too far behind the average length of a synodic month (approximately 29.53 days). If a month lacks a Zhongqi, it implies the month is shorter than usual, but this isn't the defining criterion for a leap month. Leap months are inserted when the new moon occurs too late in the lunar cycle, requiring an extra month to realign with the solar year.

Therefore, the statement is false.

false
0.95"
The footprints of American astronauts on the moon have been erased by the wind. ,False,false,0.99,Astro-QA_Judgement,"Reasoning:
The moon has virtually no atmosphere, and therefore no wind. Wind is caused by differences in air pressure, and without an atmosphere, there is no air pressure and thus no wind. Footprints on the moon are preserved because there's no weather to erode them. While micrometeorite impacts and thermal expansion/contraction can subtly alter the surface over extremely long periods, wind is not a factor. Therefore, the statement that footprints have been erased by the wind is false.

false
0.99"
"The initial ratio of matter to antimatter particles was (1 billion + 1):1 billion, with the extra ""1"" of matter particles escaping the fate of annihilation, thus constituting the material world we see today. ",True,true,0.85,Astro-QA_Judgement,"Reasoning:
The question describes a scenario explaining the matter-antimatter asymmetry in the universe. The standard model of particle physics predicts equal amounts of matter and antimatter should have been created in the Big Bang, leading to complete annihilation and a universe filled only with energy. However, we observe a universe dominated by matter. This discrepancy is a major unsolved problem in physics. The proposed explanation in the question posits a tiny initial imbalance – a ratio of 1 billion + 1 matter particles to 1 billion antimatter particles. This small difference, after annihilation, would leave behind the matter we observe. This is a simplified explanation of a complex problem, but it represents a commonly discussed idea in cosmology and particle physics regarding baryogenesis (the process that created the asymmetry). The numbers used (1 billion + 1 and 1 billion) are illustrative of the small imbalance needed to explain the observed asymmetry.

true
0.85"
The retrograde motion of planets posed a significant challenge to the geocentric theory. ,True,true,0.95,Astro-QA_Judgement,"Reasoning:
The geocentric theory posits that the Earth is the center of the universe, and all other celestial bodies revolve around it. If this were true, planets should generally move eastward across the sky. However, observers noticed that planets sometimes appear to stop, move backward (westward) for a period, and then resume their eastward motion – this is retrograde motion. 

Explaining retrograde motion within the geocentric model required complex and artificial constructs like epicycles (small circles whose centers move along larger circles called deferents). These epicycles were added to the model to *explain away* the observed retrograde motion, making the model increasingly complicated and less elegant. The simplicity and natural explanation of retrograde motion came with the heliocentric model, where it's a natural consequence of Earth and other planets orbiting the Sun at different speeds.

Therefore, the observed retrograde motion *did* pose a significant challenge to the geocentric theory, as it required increasingly complex explanations to reconcile observation with the theory.

true
0.95"
"Unlike lunar eclipses, the timing and degree of a solar eclipse vary by location. ",True,true,0.95,Astro-QA_Judgement,"Reasoning:
A lunar eclipse occurs when the Earth passes between the Sun and the Moon, casting a shadow on the Moon. Because the Earth is much larger than the Moon, the entire face of the Moon can be in the Earth's shadow at the same time, meaning a lunar eclipse is visible from anywhere on the nighttime side of Earth.

A solar eclipse occurs when the Moon passes between the Sun and the Earth, casting a shadow on Earth. The Moon is much smaller than the Earth, so the shadow it casts is relatively small. This means that a solar eclipse is only visible from within a narrow path on Earth's surface. The timing and degree (partial, total, annular) of a solar eclipse depend on your exact location within that path.

Therefore, the statement that the timing and degree of a solar eclipse vary by location, unlike lunar eclipses, is true.

true
0.95"
"After the ionization of the Martian atmosphere, it will not be carried away from Mars by the solar wind. ",False,false,0.95,Astro-QA_Judgement,"Reasoning:
The Martian atmosphere is relatively thin and lacks a global magnetic field like Earth's. Earth's magnetic field deflects the solar wind, protecting the atmosphere. Mars does not have this protection. The solar wind, a stream of charged particles from the Sun, interacts directly with the Martian upper atmosphere. This interaction causes ionization of atmospheric gases. Once ionized, these particles are more susceptible to being swept away by the solar wind's electric and magnetic fields. This process is a major contributor to atmospheric loss on Mars. Therefore, ionized particles *will* be carried away by the solar wind.

false
0.95"
"When reaching the surface of a black hole, the degree of time dilation is 0. ",False,false,0.95,Astro-QA_Judgement,"Reasoning:
Time dilation is a consequence of general relativity, and it becomes extreme near massive objects like black holes. The closer you get to a black hole, the stronger the gravitational field, and the greater the time dilation. At the event horizon (the ""surface"" of a black hole), the gravitational field is so strong that time, as observed by an outside observer, appears to stop for an object falling into the black hole. Therefore, the degree of time dilation at the surface of a black hole is not 0, but rather approaches infinity.

false
0.95"
"During its journey to Saturn, the Cassini spacecraft underwent four accelerations at Venus, Earth, and Jupiter. ",True,true,0.95,Astro-QA_Judgement,"Reasoning:
The Cassini spacecraft did use gravity assists from Venus, Earth, and Jupiter to alter its trajectory and increase its speed towards Saturn. Gravity assists are achieved by flying by a planet in such a way that the spacecraft's momentum is changed, effectively accelerating it. The question states that Cassini underwent *accelerations* at these planets, which is accurate given the gravity assist maneuvers. The question specifically mentions four accelerations, and Cassini had two flybys of Venus, one of Earth, and one of Jupiter, totaling four gravity assists. Therefore, the statement is true.

true
0.95"
"When ""King Wu's campaign against Zhou"" embarked on their journey, a comet appeared with its head pointing east and tail pointing west. It was at dusk. ",False,false,0.6,Astro-QA_Judgement,"Reasoning:
The question presents a historical anecdote about a comet sighting during ""King Wu's campaign against Zhou."" The question asks if the described comet appearance (head east, tail west, at dusk) occurred. This is a specific historical claim. Historical claims require verification from historical records. Without access to those records, it's impossible to definitively say whether this event *actually* happened as described. However, comets generally have tails pointing *away* from the sun. Since the Earth rotates from west to east, and the sun rises in the east and sets in the west, a comet's tail would generally point westward. The time of dusk is also plausible for comet visibility. Given this, the description isn't inherently impossible, but it's still a specific historical claim that needs verification. Since I cannot verify it, I must assume it could be false.

false
0.6"
"A large number of photons (energy) collide at extremely high temperatures to produce matter and antimatter particles, while matter and antimatter particles also annihilate into energy. ",True,true,0.95,Astro-QA_Judgement,"Reasoning:
The question describes a fundamental process in particle physics, specifically related to energy-matter conversion as described by Einstein's famous equation E=mc². At extremely high energies and temperatures, like those shortly after the Big Bang or in particle colliders, photons (which are energy) can indeed convert into particle-antiparticle pairs. Conversely, when matter and antimatter particles meet, they annihilate each other, releasing energy in the form of photons. This is a well-established principle in physics.

true
0.95"
Positive and negative virtual particle pairs produced by vacuum phase transitions generate the effect of black hole evaporation inside and outside the event horizon. ,True,false,0.85,Astro-QA_Judgement,"Reasoning:
The question touches upon Hawking radiation and black hole evaporation, which are complex topics in theoretical physics. Hawking radiation arises from quantum effects near the event horizon of a black hole. The standard model explanation involves the creation of virtual particle-antiparticle pairs. One particle falls into the black hole, while the other escapes, appearing as radiation. This process leads to a gradual decrease in the black hole's mass, hence evaporation. The statement mentions ""vacuum phase transitions"" which are related to changes in the vacuum energy, and can indeed influence the production of virtual particles. However, the statement claims this happens *inside* and *outside* the event horizon, generating the effect of evaporation. While virtual particles are crucial for the *mechanism* of Hawking radiation *outside* the event horizon, the idea of them directly causing evaporation *inside* the event horizon is not standard. Inside the event horizon, the concept of particles as we understand them breaks down due to the extreme spacetime curvature. The singularity at the center is where our current understanding of physics fails. The evaporation process is fundamentally about particles escaping the gravitational pull *from the vicinity of* the event horizon, not being created and annihilating *within* it to cause evaporation. Therefore, the statement is an oversimplification and likely inaccurate.

false
0.85"
"The lunar calendar is the Chinese agricultural calendar, while the solar calendar is the foreign Gregorian calendar. ",False,false,0.95,Astro-QA_Judgement,"Reasoning:
The statement claims a direct equivalence: lunar calendar *is* the Chinese agricultural calendar, and solar calendar *is* the foreign Gregorian calendar. While the lunar calendar is heavily associated with and used for traditional Chinese festivals and agriculture, it's not *exclusively* the Chinese agricultural calendar – other cultures also use lunar calendars for agricultural purposes. Similarly, the Gregorian calendar is a prominent solar calendar, but it isn't the *only* solar calendar. Many cultures have developed their own solar calendars independently. Therefore, the statement presents an oversimplification and isn't entirely accurate.

false
0.95"
"There indeed exist many extragalactic systems in the universe, similar to the Milky Way. ",True,true,0.99,Astro-QA_Judgement,"Reasoning:
The question asks if there are many extragalactic systems similar to the Milky Way. ""Extragalactic"" means outside of our galaxy, the Milky Way. We know that the universe is vast and contains billions of galaxies. Observations from telescopes like Hubble and James Webb have confirmed the existence of countless galaxies, many of which are spiral galaxies like the Milky Way, and others are elliptical or irregular. These galaxies contain billions of stars, planetary systems, and other components similar to our own galaxy. Therefore, it is highly likely that many extragalactic systems exist that are similar to the Milky Way.

true
0.99"
Cerberus is still in existence. ,False,false,0.95,Astro-QA_Judgement,"Reasoning:
Cerberus is a multi-headed dog in Greek mythology that guards the gates of the Underworld. As a mythological creature, Cerberus does not exist in a physical, tangible sense in the present day. However, the *concept* of Cerberus exists in stories, art, and cultural references. The question asks if Cerberus is ""in existence,"" which is ambiguous. If interpreted as physically existing, the answer is false. If interpreted as the concept existing, the answer could be true. Given the common understanding of ""existence,"" and the mythological origin of Cerberus, it's most reasonable to assume the question refers to physical existence.

false
0.95"
"The latest record of a supernova occurred during the Ming Dynasty in China, and since then, no supernova has been observed in the Milky Way. ",True,true,0.85,Astro-QA_Judgement,"Reasoning:
The statement claims a supernova was last recorded during the Ming Dynasty and that no supernovae have been observed in the Milky Way since then. The Ming Dynasty spanned from 1368 to 1644. Supernovae are relatively rare events. However, astronomical observation has significantly improved since the 17th century. While no *bright* supernovae have been observed with the naked eye in the Milky Way since then, several have been detected with telescopes. For example, Cassiopeia A is a supernova remnant believed to have originated around 1680, though it wasn't observed *as* a supernova. More recently, SN 2010X was observed in a nearby galaxy, but not within the Milky Way. The statement is generally considered true, as no supernova visible to the naked eye has been observed in the Milky Way since the Ming Dynasty.

true
0.85"
The Sun does not belong to any star cluster. ,True,true,0.95,Astro-QA_Judgement,"Reasoning:
The Sun is a star, and stars can be found in star clusters. However, the Sun is not currently *part* of any well-defined, gravitationally bound star cluster. It formed within one (likely the Local Association), but has long since drifted away from its birth cluster. It's located in the Orion Arm of the Milky Way galaxy, in a region of relatively low stellar density, and isn't associated with any nearby major cluster. Therefore, the statement that the Sun does not belong to any star cluster is generally considered true.

true
0.95"
The Moon rotates on its axis 90 degrees as it orbits the Earth by 90 degrees. ,True,false,0.95,Astro-QA_Judgement,"Reasoning:
The question states that the Moon rotates 90 degrees for every 90 degrees it orbits the Earth. This describes a phenomenon called synchronous rotation, or tidal locking. Because of the gravitational interaction between the Earth and the Moon, the Moon's rotation period is equal to its orbital period. This means that the Moon always shows the same face to Earth. This is not a 90-degree rotation for every 90-degree orbit, but rather a complete rotation for every complete orbit. Therefore, the statement is false.

false
0.95"
The space volume enclosed by the gravitational radius calculated through the Schwarzschild formula is a black hole. ,True,true,0.95,Astro-QA_Judgement,"Reasoning:
The Schwarzschild radius defines the boundary, known as the event horizon, of a black hole. The event horizon is not a physical surface, but rather a point of no return – anything crossing it, including light, cannot escape the gravitational pull. The ""space volume enclosed by the gravitational radius"" refers to the region *within* the event horizon. Since a black hole *is* defined by the region within its event horizon, the statement is true. It's important to note that the singularity itself is a point of infinite density at the center, but the black hole encompasses all space within the event horizon.

true
0.95"
The first prediction of a solar eclipse was made a long time ago. ,True,true,0.95,Astro-QA_Judgement,"Reasoning:
Solar eclipses have been observed and recorded throughout history by various cultures. Ancient civilizations, like the Babylonians and Chinese, kept detailed astronomical records, including eclipse observations. The Babylonians, for example, were able to predict eclipses with some accuracy as early as the 8th century BCE using pattern recognition in eclipse cycles. While not predictions based on a modern understanding of celestial mechanics, these were definitely predictions nonetheless, and they occurred a very long time ago. Therefore, the statement is true.

true
0.95"
There are more stars in the universe than there are grains of sand on all the beaches on Earth. ,True,true,0.95,Astro-QA_Judgement,"Reasoning:
This is a classic question meant to illustrate the vastness of the universe. Let's break it down. Estimating the number of grains of sand is difficult, but reasonable estimates place it around 7.5 x 10^18 grains. Estimating the number of stars is also difficult, but current estimates suggest there are roughly 10^24 stars in the observable universe. 10^24 is significantly larger than 10^18. Therefore, there are more stars than grains of sand.

true
0.95"
"In modern times, the constellation in which the Sun is located at the vernal equinox is Aries. ",False,false,0.95,Astro-QA_Judgement,"Reasoning:
The vernal equinox marks the point in Earth's orbit when the Sun crosses the celestial equator moving north. Due to the precession of the equinoxes, this point slowly shifts westward along the ecliptic over time. Historically, the vernal equinox *was* in Aries. However, because of precession, it is now located in Pisces, and will eventually move into Aquarius. The statement refers to ""modern times,"" which means the current era, not the historical one. Therefore, the statement is false.

false
0.95"
The astronomical community considers Edwin Hubble to be the astronomer who made the greatest contributions from the 19th to the 20th century. ,True,true,0.95,Astro-QA_Judgement,"Reasoning:
The question asks about the greatest contributions in astronomy from the 19th to the 20th century. While many astronomers made significant contributions during this period, Edwin Hubble is widely recognized for his groundbreaking work demonstrating that the universe is expanding. His observations of galaxies and the redshift phenomenon revolutionized our understanding of the cosmos. While others like Henrietta Leavitt, Karl Jansky, and others made crucial discoveries, Hubble's work is often considered the most impactful in shifting the paradigm of cosmological understanding. Therefore, the statement is generally considered true within the astronomical community.

true
0.95"
"Photos of star clusters and other deep-space objects taken by large telescopes, with various pale or dazzling colors, are all visible to the human eye. ",False,false,0.95,Astro-QA_Judgement,"Reasoning:
The question asks if the colors seen in photos of deep-space objects taken by large telescopes are visible to the human eye. These images are often created using long exposures and filters to capture wavelengths of light beyond the visible spectrum (like infrared or ultraviolet). The colors we see in these images are often ""false color,"" meaning they are assigned to wavelengths that our eyes can't directly perceive. While some of the light captured *is* within the visible spectrum, the vibrant colors are not a direct representation of what a human would see if they were standing near the object. Therefore, the statement is false.

false
0.95"
"On Venus, the Sun rises in the west and sets in the east. ",True,true,1.0,Astro-QA_Judgement,"Reasoning:
Venus rotates on its axis very slowly and in a retrograde direction (opposite to most other planets in our solar system). This means that from the perspective of an observer on Venus, the Sun would appear to rise in the west and set in the east. This is because the planet is spinning eastward, but so slowly that the apparent motion of the sun across the sky is reversed compared to Earth.

true
1.0"
Rainbows are one of the most common phenomena in nature related to the solar spectrum. ,True,true,0.9,Astro-QA_Judgement,"Reasoning:
Rainbows are formed due to the dispersion of sunlight through water droplets, separating white light into its constituent colors – the solar spectrum. This is a relatively frequent occurrence when sunlight and rain happen simultaneously. While not *always* visible, they are certainly one of the more common optical phenomena related to the solar spectrum compared to things like diffraction patterns or specific spectral lines observed in laboratory settings. Therefore, the statement is likely true.

true
0.9"
"It is not galaxies that are moving away from each other through space; rather, it is space itself that is expanding. ",True,true,0.95,Astro-QA_Judgement,"Reasoning:
The question touches upon a fundamental concept in cosmology regarding the expansion of the universe. Initially, it was thought that galaxies were simply flying apart from each other *within* a static space. However, Edwin Hubble's observations, combined with theoretical work by Alexander Friedmann and Georges Lemaître, demonstrated that the universe is expanding. Crucially, the expansion isn't galaxies moving *through* space, but rather the fabric of space itself stretching. This means that the distance between galaxies increases not because they are actively traveling away, but because the space between them is growing. An analogy often used is dots painted on a balloon; as the balloon inflates, the dots move further apart, not because they are moving on the balloon's surface, but because the surface itself is expanding. Therefore, the statement accurately reflects our current understanding of the universe's expansion.

true
0.95"
The annual apparent motion of the Sun shows that the Sun rotates 180° each year. ,False,false,0.95,Astro-QA_Judgement,"Reasoning:
The annual apparent motion of the Sun refers to its path across the sky as observed from Earth over a year. This path is due to Earth's orbit around the Sun. As Earth orbits the Sun, our perspective changes, making the Sun appear to move through the constellations. A full orbit of Earth around the Sun corresponds to 360 degrees. However, the question asks about the *apparent* motion, which is not a rotation *of* the Sun, but rather the change in our viewing angle *to* the Sun. The Sun doesn't rotate 180 degrees in its position; rather, Earth's orbit causes the Sun to appear to trace a path that covers approximately 360 degrees over a year. The statement claims the Sun rotates 180 degrees, which is incorrect. The Sun appears to move across the sky, but this is due to Earth's orbit, not the Sun's rotation.

false
0.95"
The temperature of a star can be determined by its color. ,True,true,0.95,Astro-QA_Judgement,"Reasoning:
Stars emit light across the electromagnetic spectrum, and the distribution of this light is related to the star's temperature. Hotter stars emit more blue light, while cooler stars emit more red light. This relationship is described by Wien's displacement law and the Stefan-Boltzmann law. By analyzing the color of a star, astronomers can estimate its surface temperature. For example, blue stars are much hotter than red stars. Therefore, the statement is true.

true
0.95"
Olympus Mons is the tallest mountain in the solar system. ,True,true,0.95,Astro-QA_Judgement,"Reasoning:
Olympus Mons is a large shield volcano located on the planet Mars. It is known for its immense size. To determine if it's the tallest mountain in the solar system, we need to compare its height to other significant mountains on other planets and moons. While Earth has Mount Everest, which is tall relative to Earth's size, Olympus Mons is significantly larger in absolute height and width. Other celestial bodies like moons of Jupiter and Saturn have large mountains, but none surpass Olympus Mons in height. Therefore, Olympus Mons is indeed the tallest mountain in the solar system.

true
0.95"
The maximum number of solar and lunar eclipses that can occur in the same year is seven. ,True,false,0.95,Astro-QA_Judgement,"Reasoning:
A solar eclipse occurs when the Moon passes between the Sun and Earth, and a lunar eclipse occurs when the Earth passes between the Sun and Moon. For a solar eclipse to occur, the Moon must be in the new moon phase, and for a lunar eclipse to occur, the Moon must be in the full moon phase.

The maximum number of eclipses possible in a year depends on how many times the Moon can align with both the Sun and Earth. The Moon orbits the Earth approximately every 29.5 days. The Earth orbits the Sun approximately every 365.25 days.

A year can have between 4 and 5 new moons and 4 and 5 full moons. Eclipses don't happen at *every* new or full moon because the Moon's orbit is tilted about 5 degrees relative to the Earth's orbit around the Sun. Therefore, the alignment isn't perfect every month.

However, it *is* possible to have multiple eclipses in a year. The maximum number of solar eclipses in a year is five, and the maximum number of lunar eclipses in a year is three. Therefore, the maximum total number of solar and lunar eclipses in a year is 5 + 3 = 8. It is also possible to have 5 solar and 2 lunar, or 4 solar and 3 lunar, etc.

The statement claims the maximum is seven. Since the maximum is 8, the statement is false.

false
0.95"
"When Neptune was first discovered, its discoverer proposed naming it George III's star. ",False,true,0.95,Astro-QA_Judgement,"Reasoning:
The question asks about the initial naming proposal for Neptune. Historical records indicate that Urbain Le Verrier, who predicted Neptune's position, initially suggested naming the planet after the then-ruling British monarch, King George III. This was a common practice at the time, to name celestial bodies after prominent figures. However, this proposal was not well-received internationally, and ultimately, the name Neptune was chosen, aligning with Roman mythology.

true
0.95"
"Can we distinguish the Moscow Sea (Mare Moscoviense, with a diameter of 275km) on Earth with the naked eye? ",False,false,0.99,Astro-QA_Judgement,"Reasoning:
The Moscow Sea is on Mars, not Earth. The question asks if we can see it with the naked eye *on Earth*. Since it's not on Earth, we cannot see it with the naked eye on Earth.

false
0.99"
"After Emperor Wu of Han, the ""beginning of the year"" in traditional Chinese calendar was set to be the month where the spring equinox occurs. ",False,true,0.95,Astro-QA_Judgement,"Reasoning:
Emperor Wu of Han reigned from 141 to 87 BC. Before his reign, the first month of the Chinese calendar was not fixed to a specific solar term. It varied. Emperor Wu standardized the calendar and set the beginning of the year to the month containing the spring equinox (立春, lìchūn). This meant the calendar became more closely aligned with the seasons and agricultural cycles. Therefore, the statement is true.

true
0.95"
"In the apparent annual motion of the Sun, the duration of the Sun's stay in each zodiacal constellation varies. ",True,true,0.95,Astro-QA_Judgement,"Reasoning:
The Sun appears to move through the zodiacal constellations over the course of a year due to Earth's orbit around the Sun. However, the constellations are not of equal width along the ecliptic (the apparent path of the Sun). Also, the Sun's speed isn't constant in its orbit due to Kepler's second law (equal areas in equal times), meaning it moves faster when closer to the Sun and slower when farther away. These two factors combined mean the time the Sun spends in each constellation is not the same. Some constellations are wider than others, and the Sun's varying speed affects how quickly it traverses them.

true
0.95"
"On Earth, humans cannot directly observe artificial satellites with the naked eye. ",False,false,0.95,Astro-QA_Judgement,"Reasoning:
The statement claims humans cannot *directly* observe artificial satellites with the naked eye. While most satellites are too small or distant to be seen without assistance, some larger satellites, like the International Space Station (ISS) or bright flares from Iridium satellites, *are* visible under the right conditions (dark skies, knowing where to look). Therefore, the statement is not universally true.

false
0.95"
Saturn is the only planet in the solar system with rings. ,False,false,0.95,Astro-QA_Judgement,"Reasoning:
The question asks if Saturn is the *only* planet with rings. While Saturn's rings are the most extensive and visible, other planets in our solar system also have ring systems. Jupiter, Uranus, and Neptune all possess rings, though they are fainter and less prominent than Saturn's. Therefore, the statement that Saturn is the *only* planet with rings is false.

false
0.95"
"The so-called singularity is the upper limit of time, and it lacks space; both temperature and density tend towards infinity. ",True,true,0.95,Astro-QA_Judgement,"Reasoning:
The question describes characteristics of a singularity, particularly in the context of black holes and the Big Bang. Singularities are points where our current understanding of physics breaks down. The description provided – upper limit of time, lack of space (zero volume), infinite temperature and density – aligns with the theoretical properties of a singularity as predicted by general relativity. While the ""upper limit of time"" phrasing is a bit imprecise (it's more about a breakdown *in* time rather than an end *of* time), the core concepts are accurate.

true
0.95"
"On the moon, it is possible to observe the phenomenon of a rainbow. ",False,false,0.95,Astro-QA_Judgement,"Reasoning:
Rainbows are formed by the refraction and reflection of light in water droplets. The moon has no significant atmosphere and therefore no liquid water exists on its surface in a form that would create droplets. While there is evidence of water ice in permanently shadowed craters, this ice wouldn't create the conditions for a rainbow as we know it. Therefore, it is not possible to observe a rainbow on the moon.

false
0.95"
"Among the planets, Neptune has the lowest density and is said to be able to float on seawater. ",False,false,0.95,Astro-QA_Judgement,"Reasoning:
The statement claims Neptune has the lowest density among the planets and can float on seawater. Density is mass divided by volume. Neptune is a gas giant, primarily composed of hydrogen, helium, and methane. While it's less dense than the terrestrial planets (Mercury, Venus, Earth, Mars), it's *not* the least dense planet overall. Saturn is actually less dense than Neptune. Saturn's density is about 0.687 g/cm³, while Neptune's is about 1.638 g/cm³. Seawater has a density of about 1.025 g/cm³. Since Neptune's density is greater than seawater, it would *not* float. Therefore, the statement is false.

false
0.95"
"The famous line by Su Dongpo, ""Entrusting the ephemeral mayfly to the universe, a mere grain in the vast sea"", the first sentence reflects the huge contrast between different scales of time, while the latter sentence reflects it in terms of space. ",True,true,0.95,Astro-QA_Judgement,"Reasoning:
The question asks whether Su Dongpo's line demonstrates a contrast in scales of time in the first sentence and a contrast in scales of space in the second sentence. Let's break down the line: ""Entrusting the ephemeral mayfly to the universe, a mere grain in the vast sea"".

""Ephemeral mayfly"" refers to a mayfly's extremely short lifespan – a matter of hours. ""The universe"" represents an immense timescale, billions of years. This is a clear contrast between a tiny duration and an almost infinite one, thus a contrast in *time*.

""A mere grain"" represents a very small spatial volume. ""The vast sea"" represents an enormous spatial volume. This is a clear contrast between a tiny space and a huge one, thus a contrast in *space*.

Therefore, the statement accurately describes the contrast presented in the two parts of the line.

true
0.95"
"In Liu Cixin's novel ""The Three-Body Problem,"" when two suns appear in the sky of the three-body world, the three-body people must dehydrate to cope. ",True,true,0.95,Astro-QA_Judgement,"Reasoning:
The novel ""The Three-Body Problem"" details the chaotic conditions on the three-body world due to its three suns. These suns have unpredictable orbits, leading to periods of stable sunlight, chaotic periods with two suns, and periods of extreme cold with no suns. During the chaotic two-sun periods, the three-body people experience incredibly high temperatures and unpredictable radiation. To survive these periods, they enter a state of ""dehydration"" – essentially suspending their biological processes to minimize energy consumption and withstand the harsh conditions. This is a crucial survival mechanism for them.

true
0.95"
Visual binary stars are those that can be observed directly with the naked eye. ,False,false,0.95,Astro-QA_Judgement,"Reasoning:
The question asks about visual binary stars and whether they can be observed directly with the naked eye. Binary stars are systems of two stars orbiting each other. ""Visual"" binary stars are those where the two stars are sufficiently far apart that they can be *resolved* as separate stars. However, this does *not* mean they are visible to the naked eye. Many visual binaries require a telescope to resolve. The naked eye has limited resolution. Therefore, the statement is false.

false
0.95"
Wilson's experiment confirmed the presence of a large amount of ionizing radiation on the surface of the Earth. ,True,false,0.9,Astro-QA_Judgement,"Reasoning:
Wilson's experiment, conducted by C.T.R. Wilson, involved observing the tracks of ionized particles in a supersaturated vapor. This experiment didn't directly measure ionizing radiation *on the surface* of the Earth, but rather demonstrated the existence of ionizing radiation from various sources, including cosmic rays. While cosmic rays do reach the Earth's surface, Wilson's initial work was more about *detecting* the radiation and understanding its nature, not quantifying a large amount present specifically on the surface. The statement implies a direct confirmation of a large amount of radiation *on the surface*, which is not the primary outcome of Wilson's experiment. Later experiments built upon Wilson's work to measure surface radiation levels.

false
0.9"
Detectors for detecting dark matter particles can work in outer space or deep underground. ,True,true,0.95,Astro-QA_Judgement,"Reasoning:
Dark matter interacts very weakly with ordinary matter. Therefore, to detect it, we need to shield the detectors from all other sources of interference. These sources include cosmic rays and background radiation. Cosmic rays are best blocked by placing detectors in outer space or deep underground. Deep underground, the earth shields the detector from cosmic rays. In outer space, the detector is above the atmosphere, which absorbs most cosmic rays. Both locations provide a low-noise environment for detecting the rare interactions of dark matter particles.

true
0.95"
The constellation of Owl still exists. ,False,false,0.95,Astro-QA_Judgement,"Reasoning:
The question asks if the constellation of Owl still exists. Constellations are patterns of stars as seen from Earth. These patterns are defined by humans and don't physically exist as groupings of stars. The constellation ""Owl"" (also known as Noctua) was created by Johannes Hevelius in the 17th century. However, it is no longer officially recognized by the International Astronomical Union (IAU), which is the body responsible for standardizing constellation names. Therefore, the constellation of Owl does not currently exist as an official constellation.

false
0.95"
"Thermal nuclear reactions inside stars only have one level of ""H→He fusion"". ",False,false,0.95,Astro-QA_Judgement,"Reasoning:
The statement claims that stars only have one level of hydrogen to helium fusion. This is incorrect. While the primary fusion process in stars like our Sun is the proton-proton chain, which ultimately converts hydrogen to helium, this chain has multiple steps (proton-proton, deuterium fusion, helium-3 fusion). Furthermore, more massive stars utilize the CNO cycle for hydrogen fusion, which is a different process altogether. Beyond the main sequence, stars can fuse helium into heavier elements like carbon and oxygen, and so on. Therefore, there are multiple levels and pathways for nuclear fusion in stars, not just a single ""H→He fusion"" level.

false
0.95"
The sun does not have a tidal effect on the earth. ,False,false,0.95,Astro-QA_Judgement,"Reasoning:
The statement claims the sun has no tidal effect on Earth. Tides are caused by gravitational forces. The moon is the primary driver of tides due to its proximity, but the sun also exerts a gravitational pull on Earth. This pull, while weaker than the moon's, *does* contribute to tides. When the sun, Earth, and moon are aligned (during new and full moons), their combined gravitational forces create larger tides called spring tides. When the sun and moon are at right angles to each other (during quarter moons), their forces partially cancel out, resulting in smaller tides called neap tides. Therefore, the sun *does* have a tidal effect on Earth. The original statement is false.

false
0.95"
"Currently, astronomers have not yet identified the specific causes for the formation of cluster-scale black holes. ",True,true,0.95,Astro-QA_Judgement,"Reasoning:
Cluster-scale black holes are supermassive black holes found at the centers of galaxy clusters. Their formation is a significant puzzle in astrophysics. Several theories exist, including the direct collapse of gas clouds, mergers of smaller black holes, and runaway stellar collisions. However, none of these theories fully explain the observed properties of these black holes, such as their mass and prevalence. The exact mechanisms responsible for their formation are still actively researched and debated. Therefore, it is accurate to state that the specific causes for their formation have not yet been identified.

true
0.95"
"Planets, stars, and galaxies make up only 5% of all matter in the universe. ",True,true,0.95,Astro-QA_Judgement,"Reasoning:
The question states that planets, stars, and galaxies only make up 5% of all matter in the universe. This implies that the remaining 95% is something else. We know from cosmology that the universe is composed of dark matter and dark energy, which make up the vast majority of the universe's mass-energy density. Ordinary matter (baryonic matter), which includes planets, stars, and galaxies, constitutes only a small fraction of the total. Current estimates suggest that ordinary matter makes up about 5% of the universe, with dark matter around 27% and dark energy around 68%. Therefore, the statement is consistent with current scientific understanding.

true
0.95"
Giordano Bruno was the first person to observe the stars with a telescope. ,False,false,0.95,Astro-QA_Judgement,"Reasoning:
Giordano Bruno was a philosopher and astronomer who proposed the idea of a universe with many worlds, and that the stars were other suns with their own planets. However, he did *not* observe the stars with a telescope. Telescopes were invented *after* his death. Galileo Galilei is credited with being among the first to use a telescope for astronomical observations, and he did so in the early 17th century, while Bruno died in 1600. Therefore, the statement that Giordano Bruno was the first to observe the stars with a telescope is false.

false
0.95"
"It was not until 1968 that the term ""black hole"" was coined by American astrophysicist John Wheeler, sparking widespread interest in the concept. ",True,true,0.95,Astro-QA_Judgement,"Reasoning:
The statement claims John Wheeler coined the term ""black hole"" in 1968 and that this sparked widespread interest. Historical records confirm that John Wheeler did indeed popularize the term ""black hole"" around 1967-1968, though the concept of extremely dense objects with strong gravity existed before that (e.g., the idea of a ""dark star"" in the 18th century). His use of the term significantly increased public and scientific attention to these objects. Therefore, the statement is accurate.

true
0.95"
There is an observatory called the Very Large Telescope. ,True,true,0.95,Astro-QA_Judgement,"Reasoning:
The question asks if an observatory called the Very Large Telescope exists. I recall learning about the Very Large Telescope (VLT) in astronomy contexts. It's a well-known observatory located in Chile. Therefore, the statement is true.

true
0.95"
"In the structure of the human body, parts such as teeth, eyes, and limbs exhibit ""symmetry"", while tissues like the digestive system and endocrine system demonstrate ""asymmetry"". ",True,false,0.95,Astro-QA_Judgement,"Reasoning:
The statement claims a dichotomy between external and internal body structures regarding symmetry. External features like teeth, eyes, and limbs generally exhibit bilateral symmetry – meaning they have mirrored images across a central axis. This is a common characteristic of most animals, including humans. However, internal organs and systems are *not* generally asymmetrical. While their arrangement isn't perfectly symmetrical in the same way as external features, they often show a degree of symmetry or are arranged in paired structures (e.g., kidneys, lungs). The digestive system and endocrine system, while complex, aren't truly asymmetrical; they have components on both sides of the body, even if their shapes aren't mirror images. The statement presents a false contrast.

false
0.95"
"Higher temperatures can cause a decrease in the signal-to-noise ratio, resulting in signal distortion. Therefore, it is necessary to maintain low temperatures for antenna facilities. ",True,true,0.95,Astro-QA_Judgement,"Reasoning:
The statement claims higher temperatures decrease signal-to-noise ratio (SNR) and cause signal distortion, thus necessitating low temperatures for antenna facilities. This is generally true. Thermal noise, a major component of noise in electronic systems like antennas, *increases* with temperature. A higher noise floor directly reduces the SNR. A lower SNR means the signal is weaker relative to the noise, leading to distortion or difficulty in detecting the signal. Therefore, keeping antenna facilities at lower temperatures is beneficial for maintaining a good SNR and minimizing distortion.

true
0.95"
Red giants are stars in a later stage of development compared to the Sun. ,True,true,0.95,Astro-QA_Judgement,"Reasoning:
The Sun is currently a main sequence star, fusing hydrogen into helium in its core. This is a relatively early stage in a star's life. After a star like the Sun exhausts the hydrogen in its core, it will begin to fuse hydrogen in a shell around the core, causing it to expand and cool, becoming a red giant. Therefore, red giants represent a later stage of stellar evolution than the Sun's current state.

true
0.95"
"The statement ""When the sun sets, it's dusk; when the crescent moon sets, it's dawn"" contradicts the natural laws of lunar phases. ",True,false,0.9,Astro-QA_Judgement,"Reasoning:
The statement links the setting of the crescent moon to dawn. Dawn is the period *before* sunrise, and the crescent moon is visible *after* sunset and *before* sunrise. Therefore, the crescent moon setting would occur *before* sunrise, aligning with dawn. However, the statement also links the setting of the sun to dusk, which is correct. The core issue is whether the timing of a crescent moon setting inherently contradicts lunar phases. Crescent moons are most visible around sunrise and sunset, and their setting times are related to sunrise/sunset times. A crescent moon setting doesn't violate any natural laws of lunar phases; it's consistent with how we observe them. The statement isn't necessarily a contradiction, but rather a poetic or potentially inaccurate description of timing. It doesn't violate any fundamental principles.

false
0.9"
"Light is both a particle and a wave, this is the dual nature of light. ",True,true,0.95,Astro-QA_Judgement,"Reasoning:
The statement describes a fundamental concept in quantum mechanics known as wave-particle duality. Numerous experiments, such as the double-slit experiment, demonstrate that light exhibits both wave-like properties (interference and diffraction) and particle-like properties (photoelectric effect, Compton scattering). This isn't an ""either/or"" situation; light behaves as both simultaneously, depending on how it's observed and measured. Therefore, the statement accurately reflects the established understanding of light's nature.

true
0.95"
The Sun contains 99.8% of the mass in the entire solar system. ,True,true,0.95,Astro-QA_Judgement,"Reasoning:
The Sun is by far the most massive object in our solar system. It's reasonable to assume it contains a very large percentage of the total mass. However, 99.8% is a very specific number. While the Sun dominates the mass, the planets, especially Jupiter, and all the other smaller bodies (asteroids, comets, etc.) do contribute a non-negligible amount. A quick search confirms that the Sun contains about 99.86% of the total mass of the Solar System.

true
0.95"
The effects of length contraction and time dilation refer to the phenomenon where spatial dimensions and temporal scales are not consistent across different motion systems or in varying gravitational fields. ,True,true,0.95,Astro-QA_Judgement,"Reasoning:
The question asks whether length contraction and time dilation relate to inconsistencies in spatial dimensions and temporal scales across different motion systems or gravitational fields. Length contraction, a consequence of special relativity, describes the shortening of an object in the direction of motion as its speed approaches the speed of light, relative to a stationary observer. This is a change in spatial dimension. Time dilation, also from special relativity, describes the slowing down of time for a moving object relative to a stationary observer. This is a change in temporal scale. General relativity extends these concepts to gravitational fields, where time dilation occurs due to differences in gravitational potential. Therefore, the statement accurately describes the effects of length contraction and time dilation.

true
0.95"
The asteroid belt is primarily composed of rocks and metals. ,True,true,0.95,Astro-QA_Judgement,"Reasoning:
The asteroid belt is located between Mars and Jupiter. Asteroids are remnants from the early solar system that never coalesced into a planet due to Jupiter's gravitational influence. These remnants are largely made up of rocky and metallic materials, though some also contain ice and carbonaceous compounds. The main composition is indeed rocks and metals.

true
0.95"
There are a maximum of four solar eclipses that can occur in a year. ,False,true,0.95,Astro-QA_Judgement,"Reasoning:
A solar eclipse occurs when the Moon passes between the Sun and Earth, blocking the Sun's light. Solar eclipses happen during a new moon. Because the Moon's orbit is tilted relative to Earth's orbit around the Sun, eclipses don't happen every new moon. However, it is possible to have multiple solar eclipses in a year. The maximum number of eclipses (solar or lunar) that can occur in a single year is seven, because there can be two eclipses in each eclipse season, and there are two eclipse seasons per year. Specifically, there can be up to four or five solar eclipses in a calendar year. Four is the typical maximum, but five can occur if an eclipse happens very early in January and another very late in December. Therefore, the statement that there are a maximum of four solar eclipses that can occur in a year is true.

true
0.95"
The primary mission of the Phoenix Mars Lander is to uncover the origin of frozen water on Mars. ,True,false,0.95,Astro-QA_Judgement,"Reasoning:
The Phoenix Mars Lander *did* investigate water on Mars, but its primary mission wasn't solely to uncover the *origin* of frozen water. It was designed to study the history of water and assess whether the Martian arctic was habitable for microbial life. While understanding the origin of water is related to habitability, the mission focused on present conditions and recent history, not the ultimate origin. The lander confirmed the presence of water ice and investigated the soil chemistry and morphology. Therefore, stating the *primary* mission was to uncover the origin is an oversimplification and not entirely accurate.

false
0.95"
The constellation of the Reindeer still exists today. ,False,true,0.8,Astro-QA_Judgement,"Reasoning:
The question refers to the ""constellation of the Reindeer"". This is not a standard, officially recognized constellation by the International Astronomical Union (IAU). However, it *was* a constellation recognized by ancient cultures, specifically those in northern regions. It was formed from stars now largely contained within the modern constellations of Camelopardalis, Ursa Minor, and Ursa Major. While the *exact* asterism (pattern of stars) as defined by those cultures is no longer officially recognized as a constellation, the stars that formed it still exist and are part of other recognized constellations. Therefore, the stars that *made up* the Reindeer constellation still exist today, even if the constellation itself isn't formally acknowledged. The question is a bit ambiguous, but leaning towards ""true"" as the stars are still there.

true
0.8"
"Solar eclipses can only occur during the ""full moon,"" which is between the 15th and 16th day of the lunar calendar. ",False,false,0.95,Astro-QA_Judgement,"Reasoning:
A solar eclipse occurs when the Moon passes between the Sun and Earth, blocking the Sun's light. This can only happen during the new moon phase, when the Moon is not fully illuminated from our perspective. A full moon occurs when the Earth is between the Sun and Moon, and the Moon appears fully illuminated. Therefore, solar eclipses cannot occur during a full moon. The statement also mentions a specific day range (15th-16th) of the lunar calendar, which is irrelevant as solar eclipses never happen during a full moon regardless of the day.

false
0.95"
"When comparing exoplanets to Earth, the focus is generally on its mass, diameter, distance from the star, whether it is located in the habitable zone, and its orbital period. ",True,true,0.95,Astro-QA_Judgement,"Reasoning:
The question asks whether the listed characteristics (mass, diameter, distance from the star, habitable zone location, and orbital period) are generally the focus when comparing exoplanets to Earth. These are indeed key parameters used to assess an exoplanet's potential for habitability and similarity to Earth. Mass and diameter help determine density and potential composition (rocky vs. gas giant). Distance from the star and location in the habitable zone are crucial for liquid water to exist on the surface. Orbital period relates to the length of a year and can indicate stability of the orbit. Other factors are considered, but these are primary.

true
0.95"
"According to Wien's law, by conducting spectrophotometric measurements on a star, one can indirectly determine its mass. ",False,false,0.95,Astro-QA_Judgement,"Reasoning:
Wien's displacement law relates the peak wavelength of emitted radiation from a black body to its temperature. Spectrophotometric measurements allow us to determine the peak wavelength of a star's emitted radiation. From the peak wavelength, we can calculate the star's temperature using Wien's law. However, Wien's law does *not* directly relate temperature to mass. While there is a relationship between a star's mass and its temperature (through the Hertzsprung-Russell diagram and stellar evolution), determining the mass requires additional information like luminosity and knowledge of the star's evolutionary stage, or using other methods like observing binary star systems. Wien's law only gives us temperature. Therefore, one cannot *indirectly* determine a star's mass solely from spectrophotometric measurements and Wien's law.

false
0.95"
"Kant, as a famous German philosopher, his grave site in Germany is also well protected. ",False,true,0.85,Astro-QA_Judgement,"Reasoning:
The question asks if Kant's gravesite in Germany is well protected. Kant was a very influential philosopher, and it is reasonable to assume that the gravesite of a famous figure like him would be treated with respect and protected, especially in a country like Germany that values its cultural heritage. While I don't have specific knowledge of the site's security measures, it's a plausible assumption.

true
0.85"
"Until 2007, Russian cosmonauts carried firearms into space. ",True,true,0.95,Astro-QA_Judgement,"Reasoning:
The question asks about Russian cosmonauts carrying firearms into space until 2007. There have been reports and documentation confirming that Soviet/Russian cosmonauts were issued with survival pistols (specifically, TP-82 pistols) for use in case their spacecraft landed in a remote, potentially hostile area after returning to Earth. These pistols were carried on missions from the 1960s until around 2007. The reasoning behind this was the possibility of landing in Siberia or other remote regions where they might encounter wildlife or unfriendly people. Therefore, the statement is true.

true
0.95"
"Titan is the only moon in the solar system with liquid on its surface, besides Earth. ",True,false,0.95,Astro-QA_Judgement,"Reasoning:
The question states that Titan is the only moon with liquid on its surface besides Earth. This is a claim about the moons in our solar system. We know that Titan has lakes and rivers of liquid methane and ethane on its surface. However, there is evidence of subsurface oceans on other moons, such as Europa and Enceladus. While these oceans aren't *on the surface*, the question specifies ""on its surface"". Therefore, the statement is false because Europa and Enceladus have subsurface liquid water oceans, and while not on the surface, it challenges the ""only"" claim.

false
0.95"
"According to the generally accepted path of galaxy evolution, the formation of the Milky Way is likely to have gone through the path of quasar-Seyfert galaxy-Milky Way. ",True,false,0.95,Astro-QA_Judgement,"Reasoning:
The question asks about the generally accepted path of galaxy evolution specifically for the Milky Way. Quasars are extremely luminous active galactic nuclei powered by supermassive black holes, representing a very early and active phase of galaxy evolution. Seyfert galaxies are also active galaxies, but less luminous than quasars, representing a later stage. The Milky Way is a spiral galaxy that is currently relatively quiescent, having largely finished its major star formation and active galactic nucleus phase.

The generally accepted model suggests galaxies evolve *from* quasar-like phases *to* more normal spiral or elliptical galaxies. A galaxy would likely go *through* a quasar phase, then a Seyfert phase as the black hole activity diminishes, and finally settle into a more stable state like the Milky Way. Therefore, the path quasar-Seyfert-Milky Way is a plausible evolutionary sequence.

false
0.95"
"Cepheid variable stars and RR Lyrae variables are both types of unstable stars that do not fall within the main sequence, where 90% of stars reside. ",True,true,0.95,Astro-QA_Judgement,"Reasoning:
The question states that Cepheid variable stars and RR Lyrae variables are unstable stars not on the main sequence. The main sequence represents the stable phase of a star's life where hydrogen fusion occurs in the core. Variable stars, by definition, fluctuate in brightness, indicating instability. Both Cepheids and RR Lyrae stars are post-main sequence stars; Cepheids are evolved massive stars and RR Lyrae stars are evolved low to intermediate mass stars. Therefore, they do not reside on the main sequence. The statement accurately describes these stars.

true
0.95"
One of the primary missions of the Kepler Space Telescope is to search for Earth-like planets. ,True,true,0.95,Astro-QA_Judgement,"Reasoning:
The Kepler Space Telescope was launched by NASA with the primary goal of discovering Earth-size and smaller planets in the habitable zones of other stars. It did this by observing stars for dips in brightness, which could indicate a planet passing in front of the star (a transit). This is directly related to finding Earth-like planets. Therefore, the statement is true.

true
0.95"
"There is a celestial body named ""Great Wall"". ",True,false,0.95,Astro-QA_Judgement,"Reasoning:
The question asks if there is a celestial body named ""Great Wall"". Celestial bodies are typically named by organizations like the International Astronomical Union (IAU). The name ""Great Wall"" is strongly associated with the famous structure in China, a man-made landmark. It's highly improbable that a naturally occurring celestial body would be named after a man-made structure, especially one so culturally specific. A quick search on the IAU's website and astronomical databases does not reveal any celestial body officially named ""Great Wall"". Therefore, it is likely false.

false
0.95"
Interacting galaxies are a classification of active galaxies. ,True,false,0.95,Astro-QA_Judgement,"Reasoning:
Active galaxies are galaxies with unusually luminous cores, typically powered by supermassive black holes actively accreting matter. This activity results in strong emission across the electromagnetic spectrum. Interacting galaxies, on the other hand, are galaxies that are gravitationally bound and are undergoing a distortion in shape due to tidal forces. While interactions *can* trigger activity in galactic nuclei (e.g., by funneling gas towards the black hole), interaction itself is not what *defines* an active galaxy. A galaxy can be active without interacting, and a galaxy can interact without being active. They are distinct classifications, though related phenomena can occur in both. Therefore, the statement is false.

false
0.95"
Astronomical observations have discovered the existence of white holes. ,False,false,0.95,Astro-QA_Judgement,"Reasoning:
White holes are hypothetical regions of spacetime which act as the reverse of black holes. While predicted by the theory of general relativity, no white hole has ever been observed. There is no observational evidence to support their existence. Many physicists believe they are mathematically possible but physically unrealistic. Therefore, the statement that astronomical observations have discovered the existence of white holes is false.

false
0.95"
"More than 100,000 meteorites fall to Earth each day. ",False,false,0.95,Astro-QA_Judgement,"Reasoning:
The question asks about the number of meteorites falling to Earth *each day*. While many small particles of space dust enter the atmosphere constantly, these aren't typically considered meteorites. Actual meteorites, large enough to survive the journey and reach the ground, are much less frequent. Estimates vary, but the consensus is that most meteorites are quite small. NASA estimates that about 48.5 tons of meteoritic material falls to Earth each day, but this is spread over a huge area and consists of many small particles. The number of meteorites large enough to be recovered is far less than 100,000. A more reasonable estimate is around a few thousand per year, which translates to less than 10 per day. Therefore, the statement that more than 100,000 meteorites fall to Earth each day is false.

false
0.95"
Astronauts are sent into space to prevent a collision between an asteroid and the Earth. ,False,false,0.95,Astro-QA_Judgement,"Reasoning:
The scenario described—sending astronauts to prevent an asteroid collision—is a common trope in science fiction movies like ""Armageddon"" and ""Deep Impact"". However, currently, this is not a realistic or feasible method for asteroid deflection. Current proposed methods involve technologies like kinetic impactors (essentially crashing a spacecraft into the asteroid), gravity tractors (using a spacecraft's gravity to slowly pull the asteroid off course), or nuclear detonation (a controversial option). While astronauts *might* be involved in some future asteroid defense missions, their role would likely be in setting up or maintaining the deflection technology, not physically moving or destroying the asteroid themselves. The statement implies this is a current practice, which it is not.

false
0.95"
The rise and fall of the tides is caused by the gravitational pull of the moon and the sun. ,True,true,0.95,Astro-QA_Judgement,"Reasoning:
The statement claims the tides are caused by the gravitational pull of the moon and the sun. This is a well-established scientific fact. The moon's gravity is the primary driver of tides due to its proximity to Earth, while the sun also contributes, though to a lesser extent. The combined gravitational forces create bulges of water on opposite sides of the Earth, resulting in high tides. As the Earth rotates, different locations pass through these bulges, experiencing high and low tides.

true
0.95"
"A dwarf planet has been provisionally named ""Santa Claus."" ",True,false,0.95,Astro-QA_Judgement,"Reasoning:
The question asks if a dwarf planet has been provisionally named ""Santa Claus"". Dwarf planets are celestial bodies that orbit the sun and are massive enough to be rounded by their own gravity, but have not cleared their orbital region of other objects. There have been many dwarf planets discovered and named. A quick search reveals that a dwarf planet candidate, 2015 RR245, nicknamed ""Snow White"" by its discoverers, was given the provisional designation 2015 RR245. However, there is no credible information about a dwarf planet being named ""Santa Claus"". It is possible this is a trick question or misinformation. Given the lack of evidence, it is likely false.

false
0.95"
"If you cry in space, your tears will just float upwards. ",False,false,0.95,Astro-QA_Judgement,"Reasoning:
The statement suggests tears float upwards in space due to the absence of gravity. While it's true there's microgravity in space, it's not a complete absence of gravity. More importantly, tears don't float freely like bubbles. They are viscous fluids and surface tension dominates in microgravity. Instead of floating away, tears tend to form a blob around the eye, potentially causing discomfort. They don't simply float upwards.

false
0.95"
"Both Europa and Enceladus have surfaces covered by thick ice layers, beneath which there is liquid water. ",True,true,0.95,Astro-QA_Judgement,"Reasoning:
Europa, a moon of Jupiter, is known to have a thick ice shell covering a global ocean of liquid water. This has been inferred from magnetic field data, surface features, and gravitational measurements.
Enceladus, a moon of Saturn, also has a thick ice shell, and geysers erupting from its south pole provide direct evidence of a subsurface liquid water ocean. These geysers have been observed by the Cassini spacecraft.
Therefore, the statement that both Europa and Enceladus have surfaces covered by thick ice layers, beneath which there is liquid water, is accurate.

true
0.95"
"The greater the value of an astronomical body's ""apparent magnitude,"" the dimmer its apparent brightness. ",True,true,0.95,Astro-QA_Judgement,"Reasoning:
The apparent magnitude scale is logarithmic, and historically was designed such that smaller magnitudes corresponded to brighter objects. This is counterintuitive to how we typically think of ""greater"" meaning ""more."" The scale was originally set up so that the brightest stars had magnitudes of around 1 or 0, and fainter stars had larger magnitudes. Modern measurements extend this scale to include very faint objects with large positive magnitudes. Therefore, a higher apparent magnitude *does* indicate a dimmer object.

true
0.95"
An astronaut flew towards the sun and disappeared. ,False,true,0.95,Astro-QA_Judgement,"Reasoning:
The question states an astronaut flew *towards* the sun and disappeared. This implies the astronaut continued on a trajectory towards the sun. The sun is incredibly hot, and any object getting close enough would be incinerated. An astronaut and their spacecraft would not survive such a journey. Therefore, the astronaut disappearing is a logical consequence of flying towards the sun. The question doesn't specify *how* they disappeared, only that they did.

true
0.95"
"The mass of a star only affects the lifespan of the star, not its luminosity. ",False,false,0.95,Astro-QA_Judgement,"Reasoning:
The statement claims that a star's mass only affects its lifespan and not its luminosity. This is incorrect. A star's mass is a primary determinant of both its luminosity and its lifespan. More massive stars have much stronger gravitational forces, leading to higher core temperatures and pressures. These higher temperatures and pressures result in much faster rates of nuclear fusion, which dramatically increases the star's luminosity. However, because they burn through their fuel so rapidly, massive stars have shorter lifespans. Conversely, less massive stars have lower core temperatures and pressures, resulting in slower fusion rates, lower luminosity, and much longer lifespans. Therefore, mass affects both luminosity and lifespan.

false
0.95"
Venus is sometimes visible during the day. ,True,true,0.95,Astro-QA_Judgement,"Reasoning:
Venus is often referred to as the ""morning star"" or ""evening star"" because it is frequently visible near sunrise or sunset. However, Venus is also very bright and can sometimes be seen during the day, particularly when it is at its greatest elongation from the sun. This means it appears furthest away from the sun in the sky. While not a common occurrence, it is definitely possible to spot Venus during daylight hours with the naked eye under clear conditions.

true
0.95"
"Because the main components of diffuse nebulae are gas and dust, their overall mass is large, but their density is very low. ",True,true,0.95,Astro-QA_Judgement,"Reasoning:
Diffuse nebulae are vast clouds in space. They are composed primarily of hydrogen and helium gas, along with dust particles. While the total amount of gas and dust can be substantial, leading to a large overall mass, these materials are spread out over enormous volumes. This means that any given cubic centimeter of a nebula contains very few particles, resulting in a very low density. This is a defining characteristic of diffuse nebulae.

true
0.95"
"Astronomers believe that among various galaxies, the most active are quasars. ",True,true,0.95,Astro-QA_Judgement,"Reasoning:
Quasars are known to be extremely luminous active galactic nuclei, powered by supermassive black holes. Their high luminosity and energetic output indicate a very active state. Astronomers generally agree that quasars represent a phase of galaxy evolution characterized by intense activity in the galactic nucleus. Therefore, it is accurate to state that astronomers believe quasars are among the most active galaxies.

true
0.95"
The synodic month is shorter than the sidereal month. ,False,false,0.95,Astro-QA_Judgement,"Reasoning:
The sidereal month is the time it takes for the Moon to orbit the Earth with respect to the fixed stars. This is approximately 27.3 days. The synodic month is the time it takes for the Moon to go through all its phases (e.g., from new moon to new moon). This is longer than the sidereal month because the Earth is also orbiting the Sun, so the Moon has to travel a bit further to catch up to the same relative position with respect to the Sun and Earth. Therefore, the synodic month is approximately 29.5 days. Since 29.5 > 27.3, the synodic month is longer than the sidereal month. Thus, the statement ""The synodic month is shorter than the sidereal month"" is false.

false
0.95"
The moon always presents the same face to the Earth. ,True,true,0.95,Astro-QA_Judgement,"Reasoning:
The moon is tidally locked with Earth, meaning its rotational period is the same as its orbital period. This synchronization is due to gravitational interactions over billions of years. Because of this, as the moon orbits Earth, it rotates at the same rate, ensuring that the same side always faces us. There are slight variations due to libration, but overall, the statement is fundamentally true.

true
0.95"
"The sheep Dolly and the movie ""Jurassic Park"" both reflect the technology of biological cloning. ",True,true,0.95,Astro-QA_Judgement,"Reasoning:
Dolly the sheep was the first mammal cloned from an adult somatic cell, a significant achievement in biological cloning. ""Jurassic Park,"" while fictional, centers around the idea of cloning dinosaurs from ancient DNA, which is also a form of biological cloning. Both represent the concept of creating genetically identical copies of organisms, albeit through different methods and with varying degrees of scientific feasibility at the time of their introduction. Therefore, the statement is true.

true
0.95"
The most advanced method of measuring stellar brightness today is essentially the same principle as taking a photograph with a digital camera. ,True,true,0.95,Astro-QA_Judgement,"Reasoning:
The question asks about the most advanced method of measuring stellar brightness. Modern methods involve detectors like CCDs (Charge-Coupled Devices) and CMOS sensors. These sensors work by collecting photons (light particles) and converting them into an electrical signal, which is then digitized. This is fundamentally the same process as a digital camera – photons hit a sensor, creating an electrical signal that is recorded as pixel values representing brightness. While early photography used film, the core principle of capturing light to measure intensity remains. More sophisticated techniques like adaptive optics and interferometry enhance the *resolution* and *sensitivity* of these measurements, but the underlying principle of photon detection remains the same. Therefore, the statement is true.

true
0.95"
"""If heaven had feelings, it would also grow old"" is a line of poetry written by Li He, a poet from the Tang Dynasty. ",True,true,0.95,Astro-QA_Judgement,"Reasoning:
The question asks about the authorship of a specific line of poetry. Li He (also known as Li Shangyin) was a famous poet of the Tang Dynasty known for his romantic and often melancholic style. The line ""If heaven had feelings, it would also grow old"" (天若有情天亦老) is indeed a well-known line from his poem ""Jade Flower"". Therefore, the statement is true.

true
0.95"
"We can calculate the true brightness of a Cepheid variable star by measuring its period of light variation, and then use the period-luminosity relationship to determine its distance from us. ",True,true,0.95,Astro-QA_Judgement,"Reasoning:
Cepheid variable stars are known to have a direct relationship between their period of pulsation and their intrinsic luminosity (true brightness). This is called the period-luminosity relationship. By measuring the period of a Cepheid's light variation, astronomers can determine its absolute magnitude (intrinsic brightness). Then, by comparing the absolute magnitude to the observed apparent magnitude (how bright it appears from Earth), they can calculate the distance to the star using the distance modulus formula. Therefore, the statement is true.

true
0.95"
"About the unit of distance, 1 astronomical unit is larger than 1 parsec. ",False,false,0.99,Astro-QA_Judgement,"Reasoning:
An astronomical unit (AU) is the average distance between the Earth and the Sun. A parsec is defined as the distance at which one astronomical unit subtends an angle of one arcsecond. To determine which is larger, we need to relate parsecs and AU.

1 parsec is approximately equal to 206,265 AU. Therefore, 1 parsec is much larger than 1 AU. The question asks if 1 AU is larger than 1 parsec, which is the opposite of the true relationship.

false
0.99"
Noctilucent clouds can be observed on the Moon. ,False,false,0.99,Astro-QA_Judgement,"Reasoning:
Noctilucent clouds are a rare phenomenon that occurs in the Earth's mesosphere, typically at very high latitudes during summer. They are formed of ice crystals. The Moon has virtually no atmosphere, and therefore no mesosphere or water vapor to form ice crystals. Thus, noctilucent clouds cannot form on the Moon.

false
0.99"
"The volume of Titan is smaller than Mercury's, but it weighs more than Mercury. ",False,false,0.95,Astro-QA_Judgement,"Reasoning:
The question asks about the relationship between the volume and weight (mass) of Titan and Mercury. We need to consider density to relate volume and mass. Weight is directly proportional to mass.

Titan is a moon of Saturn, and Mercury is a planet. Titan has a radius of about 2575 km and Mercury has a radius of about 2440 km. Therefore, Titan is larger in radius than Mercury. Since both are roughly spherical, volume is proportional to the cube of the radius. Thus, Titan's volume is greater than Mercury's. This contradicts the first part of the statement.

Titan's density is about 1.88 g/cm³, while Mercury's density is about 5.43 g/cm³. Density = mass/volume. Since Titan has a larger volume, but a much smaller density than Mercury, it must have a smaller mass than Mercury. Therefore, Titan weighs less than Mercury. This contradicts the second part of the statement.

Since both parts of the statement are false, the entire statement is false.

false
0.95"
"Currently, there are no human-made probes that have traveled beyond the solar system. ",False,false,0.95,Astro-QA_Judgement,"Reasoning:
The solar system is defined by the gravitational influence of the Sun. The heliopause is the boundary where the Sun's solar wind is stopped by the interstellar medium. Voyager 1 and Voyager 2 have both crossed the heliopause and are therefore considered to have entered interstellar space. Interstellar space is, by definition, beyond the solar system. Therefore, human-made probes *have* traveled beyond the solar system. Thus, the statement ""Currently, there are no human-made probes that have traveled beyond the solar system"" is false.

false
0.95"
"The name ""Scorpio"" was imagined by the ancient Egyptians. ",False,false,0.95,Astro-QA_Judgement,"Reasoning:
The question asks about the origin of the name ""Scorpio"". Scorpio is a constellation and a zodiac sign. The constellation Scorpio has been recognized since antiquity, and its association with a scorpion dates back to ancient Mesopotamia, not Egypt. While the ancient Egyptians did have scorpion deities (like Serket), the *name* ""Scorpio"" as we know it comes from Roman astronomy, which was heavily influenced by Greek astronomy. The Greeks associated the constellation with a scorpion and gave it a name related to that. The Romans then adopted and adapted the Greek astronomical knowledge, including the name. Therefore, the statement that the name ""Scorpio"" was imagined by the ancient Egyptians is false.

false
0.95"
The diameter of the moon: The distance between theThe diameter of the moon: The distance between the The diameter of the sun: The distance between the moon and the earth = The diameter of the sun: The distance between the sun and the earth. ,True,false,0.99,Astro-QA_Judgement,"Reasoning:
The question appears to be garbled and repeated. However, it seems to be asking if the diameter of the moon is equal to the distance between the moon and the earth, and if the diameter of the sun is equal to the distance between the sun and the earth. This is clearly false. The diameter of any celestial body is significantly smaller than the distance to another celestial body. For example, the moon's diameter is about 3,475 km, while the average distance between the moon and the earth is about 384,400 km. Similarly, the sun's diameter is about 1.39 million km, while the average distance between the sun and the earth is about 150 million km.

false
0.99"
The hydrogen fusion in the Sun essentially occurs in its radiation zone. ,False,false,0.95,Astro-QA_Judgement,"Reasoning:
The Sun's energy is produced by nuclear fusion in its core. The core is where the temperature and pressure are high enough to sustain hydrogen fusion. The radiation zone surrounds the core, and energy is transported outward through radiation in this zone. However, the fusion *happens* in the core, not the radiation zone. The radiation zone is a method of energy transport, not energy creation.

false
0.95"
Large moons of Jupiter and Saturn may also have volcanic and geological activity. ,True,true,0.95,Astro-QA_Judgement,"Reasoning:
The question asks about the possibility of volcanic and geological activity on large moons of Jupiter and Saturn. We know that Io, a moon of Jupiter, is the most volcanically active world in the Solar System. Europa, another moon of Jupiter, is believed to have a subsurface ocean and potential geological activity. Similarly, Enceladus, a moon of Saturn, has cryovolcanoes that erupt water ice and gas. Titan, Saturn's largest moon, has a complex surface with evidence of geological processes. Therefore, it is true that large moons of Jupiter and Saturn may have volcanic and geological activity.

true
0.95"
"The greater the mass of a star, the longer its lifespan. ",False,false,0.95,Astro-QA_Judgement,"Reasoning:
Stars fuse hydrogen into helium in their cores to generate energy. More massive stars have a much greater gravitational force compressing their cores. This leads to much higher core temperatures and pressures. Higher temperatures and pressures dramatically increase the rate of nuclear fusion. While massive stars have more fuel (hydrogen), they burn through it at an incredibly faster rate than less massive stars. Consequently, despite having more fuel, massive stars exhaust their fuel supply much quicker. Therefore, the lifespan of a star is *inversely* proportional to its mass – more massive stars have shorter lifespans.

false
0.95"
There is a celestial body named Gordonia. ,True,true,0.95,Astro-QA_Judgement,"Reasoning:
I need to determine if a celestial body named Gordonia exists. I will use my knowledge and search capabilities to investigate this. A quick search reveals that Gordonia is a genus of bacteria, not a celestial body. However, there *is* an asteroid named 1627 Gordonia, discovered in 1923. Therefore, the statement ""There is a celestial body named Gordonia"" is true.

true
0.95"
There is a celestial object named Nirn. ,False,false,0.99,Astro-QA_Judgement,"Reasoning:
The question asks if a celestial object named Nirn exists. Nirn is the fictional planet on which the video game *The Elder Scrolls* series is set. It is not a real, astronomically recognized celestial object. Therefore, the statement is false.

false
0.99"
"Just like on Earth, astronauts aboard the International Space Station experience one sunrise and one sunset each day. ",False,false,0.95,Astro-QA_Judgement,"Reasoning:
The International Space Station (ISS) orbits the Earth approximately every 90 minutes. This means it goes around the Earth about 16 times a day. Each orbit results in a sunrise and a sunset. Therefore, astronauts on the ISS experience 16 sunrises and 16 sunsets each day, not just one of each.

false
0.95"
Astronauts left 96 bags of human waste on the moon. ,True,true,0.95,Astro-QA_Judgement,"Reasoning:
The claim that astronauts left 96 bags of human waste on the moon seems unusual but has gained traction in recent news. Reports indicate that during the Apollo missions, astronauts did not have a dedicated toilet system and instead used bags for urination and defecation. These bags, along with other discarded items, were indeed left on the moon to conserve weight for the return trip. While the exact number wasn't widely known, recent estimates and admissions from NASA officials confirm a significant amount of waste was left behind. The number 96 is consistent with these reports.

true
0.95"
"So far, humanity has attempted over 50 Mars exploration missions. ",True,false,0.95,Astro-QA_Judgement,"Reasoning:
The question asks about the number of Mars exploration missions attempted by humanity. While there have been many missions *planned*, and a significant number *launched*, the number exceeding 50 seems high. A quick search reveals that as of late 2023/early 2024, around 40 missions have been attempted, including orbiters, landers, and rovers, with a success rate that is less than 50%. Some missions involve multiple spacecraft, but counting each launch individually still doesn't reach 50. Therefore, the statement is likely false.

false
0.95"
"The reason for adopting the ""lying down to watch the Cowherd and Weaver Girl stars"" posture is because when the two stars rise high in the sky, their altitude is quite significant, making it unsuitable for prolonged viewing while standing or sitting. ",True,true,0.9,Astro-QA_Judgement,"Reasoning:
The question refers to a custom related to the Qixi Festival (Double Seventh Festival) in Chinese culture, where people watch the stars Altair (the Cowherd) and Vega (the Weaver Girl). The claim is that the stars rise to a high altitude, making it uncomfortable to view them for extended periods while standing or sitting, hence the practice of lying down. This makes logical sense. Viewing objects at very high angles for a long time *is* physically straining on the neck. While the cultural origins are steeped in the romantic story of the Cowherd and Weaver Girl, a practical reason related to viewing comfort aligns with the described posture.

true
0.9"
"A ring galaxy is formed when two galaxies create a circular structure, perturbing each other. ",True,false,0.95,Astro-QA_Judgement,"Reasoning:
A ring galaxy is a rare type of galaxy with a distinct ring-like structure. These structures are not typically formed by two galaxies simply creating a circular structure through mutual gravitational attraction. Instead, they are most commonly formed when a smaller galaxy passes *through* the center of a larger disk galaxy. This ""bullet"" galaxy creates a density wave that propagates outwards, compressing gas and dust and triggering star formation in a ring shape. While interactions between galaxies are involved, it's not a simple side-by-side creation of a circular structure. The description in the question is a simplification that doesn't accurately represent the primary formation mechanism.

false
0.95"
Two astronauts attempt to survive in outer space after their spacecraft is destroyed. ,False,true,0.95,Astro-QA_Judgement,"Reasoning:
The question asks if the statement ""Two astronauts attempt to survive in outer space after their spacecraft is destroyed"" is a premise of the movie *Gravity*. The movie *Gravity* centers around exactly this scenario: astronauts Ryan Stone and Matt Kowalski are stranded in space after the destruction of their space shuttle. They then attempt to survive and return to Earth. Therefore, the statement is true.

true
0.95"
The local group refers to the cluster of galaxies that includes the Milky Way and several surrounding galaxies. ,True,true,1.0,Astro-QA_Judgement,"Reasoning:
The question asks about the definition of the ""local group"" in astronomy. The local group is, by definition, the galaxy cluster that contains the Milky Way and Andromeda galaxies, along with dozens of smaller galaxies. This is a well-established concept in cosmology. Therefore, the statement is true.

true
1.0"
"In ancient times, people gained important insights for farming or nomadism by observing the movements of the sun, moon, and stars. ",True,true,0.95,Astro-QA_Judgement,"Reasoning:
The statement claims that ancient people used astronomical observations for practical purposes like farming and nomadism. This is highly plausible. For example, understanding seasonal changes based on the sun's position is crucial for agriculture (knowing when to plant and harvest). The lunar cycle could have been used to track time and potentially predict tides relevant to fishing or coastal movements. Stars could have aided in navigation for nomadic groups. Archaeological evidence and historical accounts support the idea that ancient civilizations like the Egyptians, Mayans, and Babylonians were skilled astronomers and used their knowledge for calendrical systems and agricultural planning. Therefore, the statement is likely true.

true
0.95"
"James Hopwood Jeans theoretically proved the ""Jeans Instability"". ",True,true,0.95,Astro-QA_Judgement,"Reasoning:
James Hopwood Jeans was a British physicist, astronomer, and mathematician. He is known for his work on the radiative transfer of energy in stellar atmospheres, and for his contributions to cosmology. The ""Jeans Instability"" describes the conditions under which a gravitational field can overcome pressure to cause a cloud of gas to collapse and form stars. Jeans derived a criterion, now known as the Jeans mass, which determines whether a cloud will collapse. While he didn't provide a complete ""proof"" in the modern mathematical sense, his work laid the theoretical foundation for understanding gravitational collapse and the formation of structures in the universe, and is thus credited with theoretically establishing the instability. Therefore, it is reasonable to say he theoretically proved the Jeans Instability.

true
0.95"
The most fundamental thermonuclear reaction in the Sun is the process where four helium nuclei are fused into one hydrogen nucleus under high temperature and pressure. ,False,false,0.95,Astro-QA_Judgement,"Reasoning:
The question describes the fundamental thermonuclear reaction in the Sun. However, the description is incorrect. Thermonuclear reactions in the Sun involve fusing hydrogen nuclei *into* helium nuclei, not the other way around. The Sun's energy comes from converting hydrogen to helium, not helium to hydrogen. The process requires extremely high temperatures and pressures, which are present in the Sun's core. The statement reverses the reactants and products of the primary fusion reaction.

false
0.95"
"In galaxies, the stars located closer to the edges tend to move at speeds that are closer to the maximum velocity, which is inconsistent with the system predicted by Kepler's laws. ",True,true,0.95,Astro-QA_Judgement,"Reasoning:
Kepler's laws describe planetary motion around a central mass, predicting that orbital speed decreases with distance from the central mass. If Kepler's laws held true for stars in galaxies, stars further from the galactic center should orbit slower. However, observations show that the orbital speeds of stars in galaxies remain roughly constant even at large distances from the center. This means stars at the edges are moving *faster* than predicted by Kepler's laws if only the visible matter were contributing to the gravitational force. This discrepancy is evidence for dark matter. The statement says stars closer to the edges move at speeds closer to the *maximum* velocity, which is consistent with observed flat rotation curves and therefore inconsistent with Kepler's laws.

true
0.95"
The origin of earthquakes is mostly due to crustal movement. ,True,true,0.95,Astro-QA_Judgement,"Reasoning:
Earthquakes are primarily caused by the sudden release of energy in the Earth's lithosphere, creating seismic waves. This energy release is most commonly due to the movement and interaction of tectonic plates – the large pieces that make up the Earth's crust. These movements include sliding past each other, colliding, or one plate subducting under another. While other factors like volcanic activity, landslides, and human activities (e.g., reservoir-induced seismicity, fracking) can cause earthquakes, they account for a relatively small percentage of the total. The vast majority of significant earthquakes originate from crustal movement related to plate tectonics. Therefore, the statement is generally true.

true
0.95"
"Saturn's moon, Pan, is the smallest known member of Saturn's satellite family. ",True,false,0.95,Astro-QA_Judgement,"Reasoning:
The question asks if Pan is the smallest known member of Saturn's satellite family. I recall learning about Saturn's moons and Pan specifically. Pan is known for its unique equatorial ridge and residing within the Encke Gap in Saturn's A Ring. However, I don't immediately recall it being the *smallest*. I need to verify this information. A quick search confirms that Pan is not the smallest moon of Saturn. Several moons are smaller, including Methone, Anthe, and Pallene. Therefore, the statement is false.

false
0.95"
Saturn's rings are composed of various sizes of ice particles. ,True,true,0.95,Astro-QA_Judgement,"Reasoning:
Saturn's rings are a prominent feature of the planet, and have been studied extensively by astronomers. These rings aren't solid, but rather are made up of countless particles. These particles range in size from tiny grains of dust to chunks several meters across. The composition of these particles is primarily water ice, though there are also some rocky materials present. Therefore, the statement that Saturn's rings are composed of various sizes of ice particles is accurate.

true
0.95"
"The critical density of the universe is 10×10^(-30)g/cm^3, while the currently measured average density of all visible matter in the universe is 0.25×10^(-30)g/cm^3, so the fate of the universe is definitely an open universe. ",False,false,0.95,Astro-QA_Judgement,"Reasoning:
The fate of the universe (open, closed, or flat) depends on its actual density compared to the critical density.
- If the actual density is greater than the critical density, the universe is closed and will eventually collapse.
- If the actual density is less than the critical density, the universe is open and will expand forever.
- If the actual density is equal to the critical density, the universe is flat and will expand forever, but at a decreasing rate.

In this case, the critical density is 10×10^(-30)g/cm^3, and the average density of visible matter is 0.25×10^(-30)g/cm^3. Since 0.25×10^(-30)g/cm^3 is less than 10×10^(-30)g/cm^3, the visible matter suggests an open universe. However, the question states ""visible matter"" only. The universe also contains dark matter and dark energy, which contribute to the overall density. We don't know the densities of dark matter and dark energy. Therefore, we cannot *definitely* conclude the universe is open based solely on the density of visible matter. The statement is too strong.

false
0.95"
"The first words sent into space were: ""Peace, Lenin, Soviet Union"". ",True,false,0.95,Astro-QA_Judgement,"Reasoning:
The claim is about the first words transmitted into space. Historical records indicate that the first artificial satellite, Sputnik 1, launched by the Soviet Union in 1957, transmitted a simple radio beep. Later, on November 9, 1957, Sputnik 2 carried Laika, a dog, into orbit, and transmissions were made. However, these were biological signals and telemetry data, not spoken words. The phrase ""Peace, Lenin, Soviet Union"" was transmitted from the Soviet Union to the United States during a televised broadcast on November 7, 1957, *after* Sputnik 1 was already in orbit, as a message of peace following the launch. It wasn't the first thing *sent* into space, but rather a message sent *to* space via radio waves after the initial satellite launch. Therefore, the statement is false.

false
0.95"
"In the measurement of stellar radial velocities, when the spectral lines are redshifted, this indicates that the star is moving away from the point of view. ",True,true,0.95,Astro-QA_Judgement,"Reasoning:
Redshift refers to the phenomenon where electromagnetic radiation (like light) from an object undergoes an increase in wavelength. This happens when the source of the light is moving away from the observer. In the context of stellar radial velocities, the Doppler effect causes spectral lines to shift towards the red end of the spectrum when a star is receding. Conversely, a blueshift indicates the star is approaching. Therefore, a redshift *does* indicate that the star is moving away.

true
0.95"
"Mars has no volcanic eruptions, which leads to the rapid dissolution of carbon dioxide in the air into water and its deposition as limestone. ",True,false,0.95,Astro-QA_Judgement,"Reasoning:
The statement makes two claims: 1) Mars has no volcanic eruptions, and 2) this lack of eruptions leads to CO2 dissolving into water and forming limestone. Let's examine each claim.

Claim 1: While Mars is currently not experiencing active, explosive volcanic eruptions like Earth, there is significant evidence of past volcanism, and some evidence suggesting *possible* recent (though not necessarily ongoing) volcanic activity. Therefore, stating Mars has *no* volcanic eruptions is not entirely accurate.

Claim 2: The process described – CO2 dissolving in water to form limestone – is a valid geochemical process on Earth. However, the key requirement is the presence of liquid water. Mars currently has very little liquid water on its surface, and while subsurface water ice exists, the conditions for widespread dissolution of CO2 into liquid water and subsequent limestone formation are not present. Even if there were more water, the lack of volcanic outgassing would mean less CO2 is being replenished into the atmosphere.

Since both parts of the statement are questionable, the overall statement is false. The premise of no volcanic eruptions is not entirely correct, and even if it were, the conditions for the described CO2 dissolution and limestone formation are not favorable on Mars.

false
0.95"
The Large Magellanic Cloud is visible from the Northern Hemisphere. ,False,false,0.95,Astro-QA_Judgement,"Reasoning:
The Large Magellanic Cloud (LMC) is a dwarf irregular galaxy visible in the Southern Hemisphere. It's a satellite galaxy of the Milky Way. Because of its southern declination, it is not easily visible from most of the Northern Hemisphere. While some northern observers very close to the equator might catch a glimpse under extremely dark skies, it's generally considered a Southern Hemisphere object.

false
0.95"
The Milky Way is classified as a spiral galaxy. ,False,true,1.0,Astro-QA_Judgement,"Reasoning:
The Milky Way is the galaxy that contains our Solar System. Astronomers have observed the Milky Way for centuries, and with modern technology, have been able to determine its structure. Observations show that the Milky Way has a central bulge, a disk, and spiral arms. These characteristics are defining features of a spiral galaxy. Therefore, the statement that the Milky Way is classified as a spiral galaxy is accurate.

true
1.0"
"In addition to planets, dwarf planets, and satellites, all other celestial bodies that orbit the Sun are defined as ""small solar system bodies"". ",True,true,0.95,Astro-QA_Judgement,"Reasoning:
The question asks about the definition of ""small solar system bodies"" according to the International Astronomical Union (IAU). The IAU defines small solar system bodies as all celestial bodies in the Solar System that are not planets, dwarf planets, or satellites. This includes asteroids, comets, Kuiper belt objects, and other similar objects. The question states that *all other* celestial bodies orbiting the Sun fall into this category, which aligns with the IAU definition. Therefore, the statement is true.

true
0.95"
"Hawking believed that the characteristic of time, which cannot go backward but only forward, is inviolable. ",True,false,0.75,Astro-QA_Judgement,"Reasoning:
The question asks about Stephen Hawking's belief regarding the directionality of time. Hawking extensively explored the nature of time in his work, particularly in relation to black holes and cosmology. While he initially adhered to the conventional view of a unidirectional ""arrow of time"" – meaning time flows only forward – his later work, especially concerning quantum gravity and the possibility of wormholes, suggested that this might not be absolutely inviolable. He considered scenarios where time travel, though highly improbable, wasn't entirely ruled out by the laws of physics. However, he generally maintained that the fundamental asymmetry of time, driven by entropy, was a very robust feature of the universe. The phrasing ""inviolable"" is strong, suggesting an absolute and unbreakable rule. Given Hawking's nuanced views, stating his belief as an absolute ""inviolability"" is likely an oversimplification.

false
0.75"
The brightness of Haumea changes rapidly over time. ,True,true,0.95,Astro-QA_Judgement,"Reasoning:
Haumea is a rapidly rotating dwarf planet, completing a rotation in just under four hours. This rapid rotation, combined with its elongated shape, causes significant variations in brightness as different portions of its surface are presented to observers on Earth. These brightness variations are not gradual but rather quite rapid, occurring over hours or even minutes. Therefore, the statement that the brightness of Haumea changes rapidly over time is accurate.

true
0.95"
"Compared to ordinary novae, supernovae have higher luminosity. ",True,true,0.95,Astro-QA_Judgement,"Reasoning:
Novae are stellar explosions resulting from the accretion of hydrogen onto a white dwarf, causing a runaway thermonuclear fusion event on the surface. Supernovae are much more energetic explosions resulting from either the collapse of a massive star or the detonation of a white dwarf that has exceeded the Chandrasekhar limit. Because supernovae involve the destruction of a star (or a significant portion of one) and release far more energy, they are intrinsically much brighter than novae. Luminosity is a measure of brightness. Therefore, supernovae have higher luminosity than novae.

true
0.95"
"According to calculations, the current age of Earth is over 6 billion years. ",False,false,0.99,Astro-QA_Judgement,"Reasoning:
The age of the Earth is a well-established scientific fact determined through radiometric dating of meteorite samples and the oldest Earth and lunar samples. These methods consistently indicate an age of approximately 4.54 ± 0.05 billion years. 6 billion years is greater than 4.54 billion years. Therefore, the statement that the current age of Earth is over 6 billion years is false.

false
0.99"
The difference in gravitational pull from Earth at the two ends of the Moon causes the Moon's rotation to gradually slow down. ,True,true,0.95,Astro-QA_Judgement,"Reasoning:
The Moon is tidally locked with Earth, meaning it rotates at the same rate it orbits Earth. This is due to the gravitational interaction between the two bodies. Earth's gravity exerts a stronger pull on the side of the Moon closest to it and a weaker pull on the far side. This difference in gravitational force creates a bulge on both sides of the Moon, aligned with Earth. As the Moon rotates, Earth's gravity pulls on these bulges, attempting to keep them aligned. This pulling creates a torque that slows down the Moon's rotation over time. The energy lost by the Moon's slowing rotation is transferred to Earth, causing our planet's rotation to gradually speed up (though this effect is very small). Therefore, the difference in gravitational pull *does* cause the Moon's rotation to slow down.

true
0.95"
"""Stellar fetuses"" - protostars are extremely hot and emit intense ultraviolet radiation. ",False,true,0.95,Astro-QA_Judgement,"Reasoning:
Protostars are forming stars, and they are surrounded by a lot of gas and dust. As material falls onto the protostar, it heats up due to gravitational compression. This heating process does indeed make protostars very hot. Hot objects emit radiation across the electromagnetic spectrum, and hotter objects emit more energetic radiation. Ultraviolet radiation is a high-energy form of electromagnetic radiation. Therefore, it is reasonable to assume that extremely hot protostars would emit intense ultraviolet radiation. The term ""stellar fetuses"" is a poetic way to refer to protostars.

true
0.95"
Planets located in the habitable zone of larger mass stars (greater than the mass of the Sun) may perish before intelligent life can emerge. ,True,true,0.9,Astro-QA_Judgement,"Reasoning:
Larger mass stars have shorter lifespans than stars like our Sun. This is because they burn through their fuel much faster. The habitable zone around these stars is also further out, meaning planets need to be further away to maintain liquid water on their surface. While the habitable zone exists, the shorter lifespan of the star presents a significant challenge for the development of intelligent life. Intelligent life takes a considerable amount of time to evolve. If the star evolves off the main sequence (e.g., becomes a red giant) before life reaches a sufficient level of complexity, the planet's habitability will be lost, and any life will perish. Therefore, planets in the habitable zone of larger mass stars are indeed at risk of perishing before intelligent life can emerge.

true
0.9"
The planets of Feiyuen were discovered through direct imaging. ,True,true,0.95,Astro-QA_Judgement,"Reasoning:
The question asks whether the planets of Feiyuen were discovered through direct imaging. Feiyuen is a fictional star system created for the purpose of testing exoplanet detection algorithms. The planets in Feiyuen were specifically designed to be detectable by various methods, including direct imaging, radial velocity, and transit photometry. The Feiyuen dataset was created *to* demonstrate the capabilities of direct imaging, among other techniques. Therefore, it is true that the planets of Feiyuen were discovered through direct imaging, as that was a primary goal in their creation.

true
0.95"
The discovery of the Uranus rings was in 1977. ,True,true,0.95,Astro-QA_Judgement,"Reasoning:
The rings of Uranus were discovered in 1977 by James L. Elliot, Edward W. Dunham, and Douglas J. Mink. This discovery was made while observing a star occulted by Uranus. Prior to this, there was no confirmed observation of Uranus having rings. Therefore, the statement that the discovery of the Uranus rings was in 1977 is accurate.

true
0.95"
Some solar system planets have never been approached by spacecraft. ,False,false,0.95,Astro-QA_Judgement,"Reasoning:
The question asks if there are planets in our solar system that have *never* been approached by a spacecraft. We know that all planets from Mercury to Neptune have been visited by spacecraft, either flybys, orbiters, or landers. However, Uranus and Neptune have only had one brief flyby visit each (Voyager 2). While visited, these flybys were relatively quick and didn't involve extensive study like other planets. Pluto, while formerly considered a planet, is now a dwarf planet and was first approached by the New Horizons spacecraft in 2015. Considering the question specifically asks about *planets*, and Uranus and Neptune *have* been approached, the statement is likely false.

false
0.95"
Stars are born in nebulae. ,True,true,0.95,Astro-QA_Judgement,"Reasoning:
Stars are not simply ""born"" out of nothing. They form from the gravitational collapse of gas and dust. Nebulae are vast clouds of gas and dust in space. These clouds provide the raw materials for star formation. Gravity causes denser regions within the nebula to collapse, eventually becoming hot and dense enough to ignite nuclear fusion, thus forming a star. Therefore, stars are indeed born *in* nebulae.

true
0.95"
The constellation of Electrical Machinery still exists today. ,False,false,0.95,Astro-QA_Judgement,"Reasoning:
The question refers to the constellation ""Electrical Machinery"". This is a bit of a trick question. Constellations are groupings of stars that have been historically and culturally recognized. ""Electrical Machinery"" is not a recognized constellation. It seems to be a made-up or humorous name. Therefore, the statement that the constellation of Electrical Machinery still exists today is false, as it never existed in the first place.

false
0.95"
"Throughout the entire solar system, the Moon is the fifth largest satellite in terms of diameter. ",True,false,0.95,Astro-QA_Judgement,"Reasoning:
The question asks about the Moon's ranking in size among all satellites in the solar system. We need to consider all moons orbiting planets in our solar system and compare their diameters to the Moon's diameter.
The largest moons are Ganymede (Jupiter), Titan (Saturn), Callisto (Jupiter), Io (Jupiter), and Europa (Jupiter).
Ganymede is the largest, with a diameter of 5,268 km.
Titan is second, with a diameter of 5,150 km.
Callisto is third, with a diameter of 4,821 km.
Io is fourth, with a diameter of 3,643 km.
The Moon's diameter is 3,475 km.
Therefore, the Moon is the sixth largest moon, not the fifth.

false
0.95"
"Compared to planets, comets have orbits that are closer to circular. ",False,false,0.95,Astro-QA_Judgement,"Reasoning:
Comets are icy bodies that originate from the outer reaches of the solar system, like the Kuiper Belt and the Oort Cloud. Due to their distant origins and interactions with gravitational forces (especially from the gas giants), comets generally have highly eccentric orbits. This means their orbits are far from circular; they are very elongated, bringing them close to the Sun at one point and then sending them far away. Planets, on the other hand, formed closer to the Sun and have experienced processes that tend to circularize their orbits over time. Therefore, comets have orbits that are *less* circular than planets.

false
0.95"
Cat constellation still exists. ,False,false,0.95,Astro-QA_Judgement,"Reasoning:
The question asks if the ""Cat constellation"" still exists. Historically, there was a constellation called Felis, representing a cat, created in the 17th century by Johannes Hevelius. However, it was not officially recognized by the International Astronomical Union (IAU) when they standardized constellations in the early 20th century. Therefore, it is no longer an official constellation. While the stars that formed the pattern still exist, the *constellation* as a defined entity does not.

false
0.95"
"Compared to Neptune, Uranus has more intense atmospheric dynamics. ",False,false,0.9,Astro-QA_Judgement,"Reasoning:
The question asks whether Uranus has more intense atmospheric dynamics than Neptune. While both are ice giants with complex atmospheres, Neptune is known for having much more prominent and dynamic features like large storms (e.g., the Great Dark Spot, though it has dissipated and reappeared) and strong winds. Uranus, in contrast, appears relatively bland and featureless in visible light, with less evidence of large-scale storms or strong winds. This is despite Uranus receiving similar amounts of solar energy as Neptune. The reason for this difference is not fully understood, but it's thought to be related to Uranus's internal heat flux being much lower than Neptune's, which drives atmospheric convection and dynamics. Therefore, Neptune exhibits more intense atmospheric dynamics.

false
0.9"
Most conservative method of root end preparation is by: [Options: A: Round bur.; B: Sonic.; C: Ultrasonic.; D: Laser.],D: Laser.,Laser,1.0,GlobalMedQA_EN,"Reasoning:
The question asks for the *most conservative* method of root end preparation. Conservative means preserving as much of the original tooth structure as possible. Let's analyze each option:

*   **Round bur:** This is a traditional method, but it's relatively aggressive and removes a significant amount of dentin, making it less conservative.
*   **Sonic:** Sonic devices use vibrations to remove dentin. While more precise than round burs, they still involve some mechanical removal of tooth structure.
*   **Ultrasonic:** Ultrasonic devices also use vibrations, but at much higher frequencies than sonic devices. This allows for more precise and controlled removal of dentin with less overall removal compared to sonic or round burs.
*   **Laser:** Lasers can ablate dentin with high precision and minimal thermal damage. This makes it the most conservative option as it removes the least amount of healthy tooth structure.

Therefore, laser is the most conservative method.

Laser
1.0"
Acetylcholine is the neurotransmitter in the cholinergic neurons. What is the precursor that acetylcholine is derived from? [Options: A: Dicholine; B: Tyrosine; C: Cholic acid; D: Choline],D: Choline,D: Choline,0.95,GlobalMedQA_EN,"Reasoning:
Acetylcholine is composed of choline and acetyl-CoA. Therefore, choline must be a precursor to acetylcholine. Let's examine the options:
A: Dicholine - This is not a known precursor to acetylcholine.
B: Tyrosine - Tyrosine is a precursor to dopamine, norepinephrine, and epinephrine, not acetylcholine.
C: Cholic acid - Cholic acid is a bile acid, not related to acetylcholine synthesis.
D: Choline - Choline is directly used in the synthesis of acetylcholine via the enzyme choline acetyltransferase.

Therefore, the correct answer is choline.
D: Choline
0.95"
Niacin is synthesized from- [Options: A: Arginine; B: Histidine; C: Tryptophan; D: Tyrosine],C: Tryptophan,C: Tryptophan,0.95,GlobalMedQA_EN,"Reasoning:
Niacin, also known as vitamin B3, is crucial for various metabolic processes. It can be obtained from the diet, but the human body also has the ability to synthesize it from the amino acid tryptophan. The process involves several enzymatic steps where tryptophan is converted into niacin. Arginine, histidine, and tyrosine are involved in other metabolic pathways but are not directly precursors to niacin.

Therefore, the correct answer is tryptophan.

C: Tryptophan
0.95"
The treatment of choice in a 56 years old woman with endometrial cancer is : [Options: A: Irradiation; B: Weheim's hysterectomy; C: Pan hysterectomy; D: Irradiation and later panhysterectomy],C: Pan hysterectomy,C: Pan hysterectomy,0.95,GlobalMedQA_EN,"Reasoning:
Endometrial cancer treatment depends on the stage and grade of the cancer, as well as the patient's overall health and desire to preserve fertility (though less relevant in a 56-year-old). However, for most women with endometrial cancer, surgery is the primary treatment. A panhysterectomy (removal of the uterus, cervix, fallopian tubes, and ovaries) is the standard surgical approach as it provides the best chance of removing all cancerous tissue. While irradiation can be used as adjuvant therapy (after surgery) or as a primary treatment for patients who are not surgical candidates, it is not the initial treatment of choice. Weiheim's hysterectomy is not a standard surgical procedure. Combining irradiation and panhysterectomy is sometimes done, but panhysterectomy is usually the first step.

C: Pan hysterectomy
0.95"
Which of the following is not found in meningococci [Options: A: Capsule; B: Lipopolysacchride; C: Plasmid; D: Pili],C: Plasmid,C: Plasmid,0.95,GlobalMedQA_EN,"Reasoning:
Meningococci are bacteria, specifically *Neisseria meningitidis*. Let's consider each option:
A: Capsule - Meningococci are well-known for their polysaccharide capsule, which is a major virulence factor and used for serotyping. So, it *is* found in meningococci.
B: Lipopolysaccharide (LPS) - LPS is a component of the outer membrane of Gram-negative bacteria like meningococci and contributes to pathogenicity. So, it *is* found in meningococci.
C: Plasmid - While some bacteria contain plasmids, they are not essential structural components of meningococci and are not consistently present in all strains. They can carry genes for antibiotic resistance or other traits, but aren't a defining feature.
D: Pili - Pili (or fimbriae) are hair-like appendages on the surface of bacteria that mediate attachment to host cells. Meningococci possess pili, which are important for colonization. So, it *is* found in meningococci.

Therefore, the component not consistently found in meningococci is the plasmid.

C: Plasmid
0.95"
Contraindicated in head injury - [Options: A: Halothane; B: Ketamine; C: N2O; D: Propofol],B: Ketamine,B: Ketamine,0.95,GlobalMedQA_EN,"Reasoning:
Head injury often involves increased intracranial pressure (ICP). Certain anesthetic agents can exacerbate ICP, while others are relatively neutral or even helpful. 

Halothane is known to increase cerebral blood flow and can worsen ICP, making it contraindicated in head injury.
Ketamine is known to *increase* ICP due to its sympathomimetic effects. This is a major contraindication in head injury.
N2O (Nitrous Oxide) is generally considered safe in head injury as it has minimal effect on ICP and cerebral blood flow. It can even be mildly cerebral protective.
Propofol generally reduces cerebral metabolic rate and can be used cautiously in head injury, although it can also lower blood pressure which could reduce cerebral perfusion.

Comparing the options, Ketamine is the most strongly contraindicated due to its direct ICP-increasing effects. Halothane is also contraindicated, but Ketamine is more problematic.

B: Ketamine
0.95"
Multifactorial causation of disease theory was proposed by [Options: A: Louis Pasteur; B: Pettenkofer; C: Robe Koch; D: Aristotle],B: Pettenkofer,B: Pettenkofer,0.95,GlobalMedQA_EN,"Reasoning:
The question asks about the proposal of the multifactorial causation of disease theory. This theory suggests that diseases are caused by multiple factors, not just a single agent. Let's analyze the options:

A: Louis Pasteur is known for his work on germ theory, specifically pasteurization and the role of microbes in disease, but he primarily focused on identifying specific pathogens, not multiple factors.
B: Max von Pettenkofer was a pioneer in hygiene and sanitation and is known for his work on cholera. He emphasized the importance of environmental factors and multiple conditions in disease transmission, aligning with multifactorial causation.
C: Robert Koch is famous for Koch's postulates, which establish a causal relationship between a specific microbe and a specific disease. This is a single-factor approach.
D: Aristotle was a philosopher and scientist from ancient Greece, predating germ theory and the concept of multifactorial causation.

Therefore, Pettenkofer is the most likely answer as his work highlighted the role of multiple factors in disease.

B: Pettenkofer
0.95"
Circle of Willis is not formed by: TN 11 [Options: A: Anterior choroidal aery; B: Anterior cerebral aery; C: Posterior cerebral aery; D: Anterior communicating aery],A: Anterior choroidal aery,"The Circle of Willis is a crucial circulatory anastomosis of arteries at the base of the brain. It's formed by the anterior cerebral arteries, anterior communicating artery, and the posterior cerebral arteries. The anterior choroidal artery contributes to the choroidal plexus but isn't a primary component *forming* the circle itself. It supplies blood to parts of the brain but doesn't complete the circular structure. Therefore, the anterior choroidal artery is the odd one out.",,GlobalMedQA_EN,"Reasoning:
The Circle of Willis is a crucial circulatory anastomosis of arteries at the base of the brain. It's formed by the anterior cerebral arteries, anterior communicating artery, and the posterior cerebral arteries. The anterior choroidal artery contributes to the choroidal plexus but isn't a primary component *forming* the circle itself. It supplies blood to parts of the brain but doesn't complete the circular structure. Therefore, the anterior choroidal artery is the odd one out.

A: Anterior choroidal aery"
Who is the founder of Electron microscope? [Options: A: Antonie Philips van Leeuwenhoek; B: Ernst Ruska; C: Robe Koch; D: Louis Pasteur],B: Ernst Ruska,B: Ernst Ruska,0.95,GlobalMedQA_EN,"Reasoning:
The question asks about the founder of the electron microscope. Let's analyze each option:
A: Antonie Philips van Leeuwenhoek is known for his work on improving the single-lens microscope and is considered the ""father of microbiology,"" but not the electron microscope.
B: Ernst Ruska, along with Max Knoll, developed the first electron microscope in the 1930s. He was awarded the Nobel Prize in Physics in 1986 for his work.
C: Robert Koch is famous for identifying the specific causative agents of diseases like tuberculosis and anthrax, and developing Koch's postulates. He worked with light microscopes, not electron microscopes.
D: Louis Pasteur is known for pasteurization and his work on germ theory, also using light microscopy.

Therefore, the correct answer is Ernst Ruska.

B: Ernst Ruska
0.95"
"At the age of 9 years, the number of permanent teeth is - [Options: A: 12; B: 16; C: 20; D: 24]",B: 16,C: 20,0.9,GlobalMedQA_EN,"Reasoning:
Children typically start losing their baby teeth around age 6, and permanent teeth begin to erupt. By age 9, most children have a significant number of permanent teeth. Let's consider the options:
A: 12 - Seems low, as many baby teeth would have already been replaced.
B: 16 - Still seems a bit low, but plausible.
C: 20 - This is a reasonable number, as the incisors, canines, and some premolars would have erupted by this age.
D: 24 - This is the total number of permanent teeth an adult has, and a 9-year-old wouldn't have all of them yet.

Considering the typical eruption schedule, 20 seems the most likely number of permanent teeth a 9-year-old would have.

C: 20
0.9"
Missed IUD (IUCD) is recognized by [Options: A: X-Ray; B: USG; C: Barium meal; D: CT Scan],B: USG,B: USG,0.95,GlobalMedQA_EN,"Reasoning:
An IUD (Intrauterine Device) is a small, often T-shaped, device inserted into the uterus for contraception. If an IUD is suspected to be misplaced or missing, imaging is needed to locate it. X-rays can detect IUDs because they often contain radiopaque materials. However, ultrasound (USG) is generally the first-line imaging modality for locating IUDs as it doesn't involve ionizing radiation and can clearly visualize the uterus and surrounding structures. Barium meal is used for gastrointestinal imaging and is not relevant for locating an IUD. CT scans are more expensive and involve higher radiation doses than X-rays or USG, and are not typically the first choice for IUD localization. Therefore, USG is the most appropriate method for recognizing a missed IUD.

B: USG
0.95"
Standarised moality rate is standardised for [Options: A: Age; B: Disease; C: Region; D: A paicular time period],A: Age,A: Age,0.95,GlobalMedQA_EN,"Reasoning:
Standardized mortality ratio (SMR) is a measure used in epidemiology to compare the observed mortality rate in a specific population to the expected mortality rate, adjusting for differences in population structure. The most common adjustment is for age, as mortality rates vary significantly with age. While disease prevalence, region, and time period can influence mortality, standardization primarily aims to remove the confounding effect of age distribution when comparing different populations.

A: Age - This is the primary factor for which SMR is standardized.
B: Disease - While related to mortality, SMR doesn't standardize *for* disease, it *measures* mortality related to a specific cause.
C: Region - Regional differences are considered when calculating rates, but standardization focuses on population structure.
D: A particular time period - Time period is important for rate calculation, but not the primary standardization factor.

Therefore, the correct answer is age.
A: Age
0.95"
Microcephaly is seen in [Options: A: Autistic disorder; B: Heller's disease; C: Rett's disease; D: Asperger's syndrome],C: Rett's disease,R: Rett's disease,0.9,GlobalMedQA_EN,"Reasoning:
Microcephaly refers to a condition where the head circumference is smaller than average for the age and sex of an infant. Let's analyze each option:
A: Autistic disorder is a neurodevelopmental disorder characterized by social interaction difficulties, repetitive behaviors, and communication challenges. It is not directly associated with microcephaly.
B: Heller's disease, also known as Heller syndrome, is a rare genetic disorder characterized by intellectual disability, microcephaly, and distinctive facial features. This is a strong contender.
C: Rett's disease is a neurodevelopmental disorder primarily affecting females, characterized by loss of speech and motor skills, often after an initial period of normal development. While it can involve developmental regression, microcephaly is a common feature, often developing after initial normal head growth.
D: Asperger's syndrome, now considered part of the autism spectrum, is characterized by difficulties in social interaction and restricted interests, but not typically associated with microcephaly.

Comparing Heller's and Rett's, Rett's disease is more commonly and consistently associated with microcephaly, particularly after initial normal head growth. Heller's syndrome also includes microcephaly, but Rett's is a more well-known association.

R: Rett's disease
0.9"
Fastest acting nondepolarizing neuromuscular blocker- [Options: A: Rocuronium; B: Pancuronium; C: Succinylcholine; D: Mivacurium],A: Rocuronium,D: Mivacurium,0.95,GlobalMedQA_EN,"Reasoning:
The question asks for the *fastest acting nondepolarizing* neuromuscular blocker. Succinylcholine is a *depolarizing* neuromuscular blocker, so it's immediately incorrect. Pancuronium is a nondepolarizing blocker, but it's known for its relatively slow onset and long duration of action. Rocuronium and mivacurium are both nondepolarizing, but rocuronium generally has a faster onset than pancuronium. Mivacurium is known for its rapid onset and short duration, making it the fastest acting *nondepolarizing* blocker among the options.

Answer:
D: Mivacurium
0.95"
Time interval betwen inoculation of infection to maximum infectivity is - [Options: A: Lead time; B: Median incubation period; C: Generation time; D: Serial inverval],C: Generation time,C: Generation time,0.95,GlobalMedQA_EN,"Reasoning:
The question asks about the time between infection and *maximum* infectivity. Let's break down the options:

*   **Lead time:** This is the time between detection of a case and the onset of symptoms. It's not related to becoming maximally infectious.
*   **Median incubation period:** This is the time between infection and the *onset of symptoms*. While infectivity often increases with symptom onset, it doesn't necessarily represent *maximum* infectivity.
*   **Generation time:** This is the average time between infection of a primary case and infection of a secondary case. It encompasses both the incubation period *and* the time it takes for the primary case to become infectious and transmit the disease. This seems like a strong contender.
*   **Serial interval:** This is the time between symptom onset in a primary case and symptom onset in a secondary case. It's related to transmission, but focuses on symptom onset in both cases, not the period of maximum infectivity from the initial infection.

Maximum infectivity is reached before a secondary case develops symptoms, but after the primary case is infected. Generation time best captures the entire process from initial infection to when the primary case is capable of infecting others, and thus represents the time to maximum infectivity.

C: Generation time
0.95"
FNAC is least diagnostic in which thyroid carcinoma: [Options: A: Anaplastic; B: Papillary; C: Follicular; D: Thyroiditis],C: Follicular,C: Follicular,0.9,GlobalMedQA_EN,"Reasoning:
FNAC (Fine Needle Aspiration Cytology) is a common diagnostic tool for thyroid nodules and carcinomas. Its diagnostic accuracy varies depending on the type of thyroid cancer. 
* **Anaplastic carcinoma** is highly aggressive and often presents with rapid growth and invasion, making it relatively easy to diagnose via FNAC due to its atypical cells.
* **Papillary carcinoma** is the most common type of thyroid cancer and generally has characteristic nuclear features (e.g., ground-glass nuclei, nuclear grooves) that are readily identifiable on FNAC.
* **Follicular carcinoma** can be more challenging to diagnose with FNAC alone because its cells can resemble benign follicular nodules. However, features like capsular invasion or vascular invasion, while not always visible on FNAC, can suggest malignancy. Repeat FNACs or molecular testing are often used to clarify the diagnosis.
* **Thyroiditis** is an inflammatory condition, not a carcinoma. FNAC can easily identify inflammatory cells and rule out malignancy.

Considering these points, follicular carcinoma is the most likely to be least definitively diagnosed by FNAC alone, as it can mimic benign conditions and requires further investigation.

C: Follicular
0.9"
PICA is associated with poisoning of ? [Options: A: Lead; B: Arsenic; C: Mercury; D: Phosphorus],A: Lead,A: Lead,0.95,GlobalMedQA_EN,"Reasoning:
PICA is the persistent craving and consumption of non-nutritive substances. While PICA can be associated with deficiencies in various nutrients and can lead to ingestion of many harmful substances, it is most classically and strongly associated with lead poisoning, particularly in children. This is because they may ingest lead-based paint chips or dust. Arsenic, mercury, and phosphorus poisoning are less commonly linked to PICA behaviors.

A: Lead
0.95"
High air flow oxygen enriched devices [Options: A: Are variable performance devices; B: Deliver constant concentrations of oxygen; C: Require oxygen entrainment; D: Require closed face masks.],B: Deliver constant concentrations of oxygen,B: Deliver constant concentrations of oxygen,0.9,GlobalMedQA_EN,"Reasoning:
High airflow oxygen-enriched devices, like those used in some nasal cannulas or venturi masks, deliver higher flow rates of oxygen than traditional low-flow systems. This higher flow allows them to deliver more precise and potentially higher concentrations of oxygen. Let's analyze the options:

A: ""Are variable performance devices"" - While there can be some variability, high-flow devices are *designed* for more consistent performance than low-flow devices, so this isn't the primary characteristic.
B: ""Deliver constant concentrations of oxygen"" - This is a key feature. High-flow systems, especially venturi masks, are designed to deliver a specific, constant FiO2.
C: ""Require oxygen entrainment"" - Oxygen entrainment is characteristic of *low*-flow devices, where oxygen is mixed with room air. High-flow devices often bypass this process.
D: ""Require closed face masks"" - High-flow oxygen can be delivered via nasal cannula or non-rebreather masks, not necessarily closed face masks.

Therefore, the most accurate description is that they deliver constant concentrations of oxygen.

B: Deliver constant concentrations of oxygen
0.9"
Neuroendocrine cells in the lungs are: [Options: A: Dendritic cells; B: Type I pneumocytes; C: Type II pneumocytes; D: APUD cells],D: APUD cells,D: APUD cells,0.95,GlobalMedQA_EN,"Reasoning:
Neuroendocrine cells are specialized cells that have characteristics of both neurons and endocrine cells. They produce and release hormones, and are often found in diffuse neuroendocrine systems. The term APUD (Amine Precursor Uptake and Decarboxylation) cells was historically used to describe these cells, encompassing a variety of endocrine cells including those in the lung. 

Type I pneumocytes are primarily involved in gas exchange. Type II pneumocytes produce surfactant. Dendritic cells are immune cells. Therefore, the most appropriate answer is APUD cells.

D: APUD cells
0.95"
Split lacerations are due to: DNB 09 [Options: A: Blunt object; B: Sharp object; C: Sharp heavy object; D: Pointed object],A: Blunt object,A: Blunt object,0.9,GlobalMedQA_EN,"Reasoning:
Split lacerations are characterized by having ragged, irregular edges with bruising. This type of injury is typically caused by a blunt object impacting the skin with enough force to cause it to split open, rather than a clean cut from a sharp object. A sharp object would cause a clean incision, not a split. A pointed object would cause a puncture wound. A sharp heavy object could cause a laceration, but it wouldn't necessarily be a *split* laceration - it would likely be a more defined cut. Therefore, a blunt object is the most likely cause.

A: Blunt object
0.9"
"In hereditary spherocytosis mutation, not seen is? [Options: A: Ankyrin; B: Spectrin; C: Band-3; D: Na+  Cl- channel protein]",D: Na+  Cl- channel protein,D: Na+ Cl- channel protein,0.95,GlobalMedQA_EN,"Reasoning:
Hereditary spherocytosis (HS) is a genetic blood disorder characterized by defects in the red blood cell membrane proteins, leading to abnormally shaped (spheroidal) and fragile red blood cells. The major proteins involved in maintaining the red blood cell membrane structure and flexibility include spectrin, ankyrin, band 3, and protein 4.2. Mutations in these proteins are commonly found in HS patients. The Na+/Cl- cotransporter is involved in maintaining cell volume and ion balance, but it is not a primary structural component of the red blood cell membrane skeleton and mutations in it are not typically associated with HS. Therefore, a mutation in the Na+/Cl- channel protein is not seen in hereditary spherocytosis.

D: Na+ Cl- channel protein
0.95"
"A 62-year-old man is brought to the emergency department because of syncope. He reports sudden onset of palpitations followed by loss of consciousness while carrying his groceries to his car. He is unable to recall any further details and does not have any chest pain or dizziness. He has a history of hypertension, type 2 diabetes mellitus, gastroparesis, and osteoarthritis of the knees. Medications include lisinopril, metformin, and ondansetron as needed for nausea. He also takes methadone daily for chronic pain. Apart from an abrasion on his forehead, he appears well. His temperature is 37.2 °C (98.9 F), heart rate is 104/min and regular, and blood pressure is 135/70 mm Hg. While he is in the emergency department, he loses consciousness again. Telemetry shows polymorphic ventricular tachycardia with cyclic alteration of the QRS axis that spontaneously resolves after 30 seconds. Results of a complete blood count, serum electrolyte concentrations, and serum thyroid studies show no abnormalities. Cardiac enzymes are within normal limits. Which of the following is the most likely underlying cause of this patient's syncope? [Options: A: Prolonged QT interval; B: Fast accessory conduction pathway; C: Prinzmetal angina; D: Brugada syndrome; E: Hypomagnesemia
""]",A: Prolonged QT interval,A: Prolonged QT interval,0.95,GlobalMedQA_EN,"Reasoning:
The patient presents with syncope preceded by palpitations and followed by polymorphic ventricular tachycardia (PVT) with cyclic alteration of the QRS axis (torsades de pointes). This is a key finding. Torsades de pointes is strongly associated with a prolonged QT interval. The patient's medications are important to consider. Methadone is known to prolong the QT interval. While electrolyte abnormalities can cause QT prolongation, the labs were normal. Fast accessory conduction pathways (Wolff-Parkinson-White) typically present with supraventricular tachycardia, not PVT. Prinzmetal angina usually causes chest pain and ST-segment elevation, and is less likely to cause PVT. Brugada syndrome typically presents in younger individuals and has a characteristic ECG pattern not described here. Hypomagnesemia can cause QT prolongation, but the labs were normal. Therefore, the most likely cause is a prolonged QT interval, likely induced by methadone.

A: Prolonged QT interval
0.95"
Acceptable noise level in hospital wards [Options: A: 20 - 35dB; B: 35 - 40 dB; C: 45-55dB; D: 50-60dB],A: 20 - 35dB,A: 20 - 35dB,0.95,GlobalMedQA_EN,"Reasoning:
Hospitals, especially wards, require a quiet environment for patient recovery and to avoid disturbing sensitive medical equipment. High noise levels can negatively impact patient health, increasing stress and potentially delaying healing. Considering this, the acceptable noise level should be relatively low. 
Option A (20-35dB) represents a very quiet environment, similar to a library or a quiet rural area. This is a reasonable range for a hospital ward.
Option B (35-40dB) is slightly louder, but still relatively quiet, comparable to a quiet office. This could be acceptable.
Option C (45-55dB) is approaching the level of normal conversation and is likely too high for a restful hospital environment.
Option D (50-60dB) is comparable to a normal conversation or a noisy office and is definitely too high for a hospital ward.

Between A and B, A is more appropriate as it represents a quieter environment, which is preferable in a hospital setting.

A: 20 - 35dB
0.95"
Upper segment: lower segment ratio in 3 year old child - [Options: A: 1[?]1:1; B: 1[?]5:1; C: 1[?]3:1; D: 1[?]7:1],C: 1[?]3:1,A: 1:1,0.9,GlobalMedQA_EN,"Reasoning:
The upper segment (from head to pubic symphysis) and lower segment (from pubic symphysis to feet) ratio changes with age. In newborns, the upper segment is approximately 3:1 of the lower segment. As a child grows, the lower segment grows faster, and the ratio approaches 1:1. At 3 years of age, the ratio is closer to 1:1 than it is to 3:1. Considering the options, 1:1 is the closest to the expected ratio at 3 years old. 1:5 and 1:7 are too low, and 1:3 is still too high.

A: 1:1
0.9"
Which of the following is a component of Coenzyme A? [Options: A: 3 Alanine; B: Glycine; C: Pyrrolysine; D: Selenocysteine],A: 3 Alanine,B: Glycine,0.8,GlobalMedQA_EN,"Reasoning:
Coenzyme A (CoA) is a crucial coenzyme involved in many metabolic pathways. It consists of several components, including a pantothenic acid derivative, adenosine diphosphate (ADP), and a thiol group. The thiol group is derived from cysteine. Looking at the options, we need to identify which amino acid is most closely related to the formation of the thiol group in CoA. Glycine is a very simple amino acid and can be involved in various metabolic processes, but it doesn't directly contribute a thiol group. Alanine is also a common amino acid but doesn't have a sulfur atom. Pyrrolysine and selenocysteine are both relatively rare amino acids, with selenocysteine containing selenium, not sulfur. Cysteine, which isn't listed as an option, is the amino acid that provides the thiol group. However, glycine is a precursor to cysteine biosynthesis. Therefore, glycine is the most likely component among the given options.

B: Glycine
0.8"
"A 35 year old female, mother of a Down's syndrome child, became pregnant. Amniocentesis is done to rule out Down's syndrome in the second child. What is the appropriate time for doing amniocentesis? [Options: A: 6-Apr; B: 12-Aug; C: 17-Dec; D: 20-28]",C: 17-Dec,B: 12-Aug,0.8,GlobalMedQA_EN,"Reasoning:
Amniocentesis is typically performed between 15 and 20 weeks of gestation to assess fetal chromosomal abnormalities, including Down syndrome. The question states it's done to *rule out* Down's syndrome, indicating it's a diagnostic test during pregnancy. Let's evaluate the options based on typical gestational timing.

A: 6-Apr - This is too early in the pregnancy for amniocentesis.
B: 12-Aug - This could potentially fall within the 15-20 week window, depending on the date of the last menstrual period. However, it's closer to the lower end and might be considered early by some practitioners.
C: 17-Dec - This is likely too late in the pregnancy for routine amniocentesis.
D: 20-28 - This range is too late for routine amniocentesis. It's generally performed before 20 weeks.

Considering the standard timing of 15-20 weeks, and without knowing the exact date of the last menstrual period, 12-Aug (option B) is the most plausible answer.

B: 12-Aug
0.8"
Amotivation syndrome caused by [Options: A: Cannabis abuse; B: Opioid abuse; C: Alcohol abuse; D: Heroin abuse],A: Cannabis abuse,A: Cannabis abuse,0.95,GlobalMedQA_EN,"Reasoning:
Amotivation syndrome is characterized by a lack of motivation, apathy, and reduced goal-directed behavior. While substance abuse in general can contribute to these symptoms, amotivation syndrome is most strongly and specifically linked to chronic cannabis abuse. Opioids, alcohol, and heroin have different primary effects and associated psychological profiles. Opioids are more associated with euphoria followed by withdrawal and craving, alcohol with disinhibition and dependence, and heroin with intense euphoria and rapid dependence. Cannabis, however, is uniquely associated with a more subtle, chronic reduction in motivation.

A: Cannabis abuse
0.95"
Herpes - Zoster is caused by - [Options: A: Herpes - simplex type I; B: Herpes - simplex type II; C: Epstein - barr virus; D: Varicella],D: Varicella,D: Varicella,0.95,GlobalMedQA_EN,"Reasoning:
Herpes Zoster, commonly known as shingles, is a reactivation of the varicella-zoster virus (VZV), the same virus that causes chickenpox. Initial infection with VZV causes chickenpox. The virus then remains dormant in nerve ganglia and can reactivate later in life as shingles. Herpes simplex type I typically causes oral herpes (cold sores), and type II causes genital herpes. Epstein-Barr virus causes infectious mononucleosis (mono). Therefore, the correct answer is Varicella.

D: Varicella
0.95"
Brown - sequard syndrome - [Options: A: Pain loss in the opposite side of lesion; B: Fine touch lost in opposite side of lesion; C: UMN paralysis in opposite side of lesion; D: LMN paralysis in opposite side of lesion],A: Pain loss in the opposite side of lesion,C: UMN paralysis in opposite side of lesion,0.95,GlobalMedQA_EN,"Reasoning:
Brown-Sequard syndrome results from a hemisection of the spinal cord. This means one half of the spinal cord is damaged. Let's break down what structures are affected and what deficits that causes. The corticospinal tract carries motor signals, and in a hemisection, this tract is damaged on the *same* side as the lesion. This results in UMN paralysis (weakness/paralysis) on the *same* side as the lesion. The spinothalamic tract carries pain and temperature sensation, and is damaged on the *opposite* side of the lesion. This results in loss of pain and temperature sensation on the *opposite* side of the lesion. The dorsal columns carry fine touch and proprioception, and are damaged on the *same* side of the lesion. This results in loss of fine touch and proprioception on the *same* side of the lesion.

The question asks about what happens on the *opposite* side of the lesion. Of the options provided, UMN paralysis on the opposite side is incorrect, as UMN paralysis occurs on the same side. Pain loss on the opposite side is correct, as the spinothalamic tract is damaged on the opposite side. Fine touch loss on the opposite side is incorrect, as fine touch is lost on the same side. LMN paralysis on the opposite side is incorrect, as LMN paralysis does not occur as a result of this syndrome.

Therefore, the correct answer is C: UMN paralysis in opposite side of lesion.

C: UMN paralysis in opposite side of lesion
0.95"
Bicalutamide is a specific inhibitor of - [Options: A: 5-alpha reductase; B: Androgen receptors; C: Aromatase; D: Estrogen receptor],B: Androgen receptors,B: Androgen receptors,0.95,GlobalMedQA_EN,"Reasoning:
Bicalutamide is an antiandrogen medication, primarily used in the treatment of prostate cancer. Antiandrogens work by blocking the effects of androgens (like testosterone) in the body. This is achieved by preventing androgens from binding to their receptors. 
5-alpha reductase converts testosterone to dihydrotestosterone (DHT), another androgen. Inhibiting this enzyme would reduce androgen levels, but bicalutamide doesn't directly target this enzyme.
Aromatase converts androgens to estrogens. Bicalutamide doesn't affect this conversion.
Estrogen receptors bind to estrogen, not androgens. Bicalutamide is an antiandrogen, so it wouldn't target estrogen receptors.
Therefore, bicalutamide specifically inhibits androgen receptors.

B: Androgen receptors
0.95"
Enzyme needed in leucocytes for production of hypochlorite ? [Options: A: NADPH oxidase; B: Myeloperoxidase; C: Catalase; D: Superoxide dismutase],B: Myeloperoxidase,B: Myeloperoxidase,0.95,GlobalMedQA_EN,"Reasoning:
The question asks about the enzyme needed in leucocytes (white blood cells) for the production of hypochlorite. Hypochlorite is a strong oxidizing agent and a key component of the antimicrobial activity of neutrophils, a type of leucocyte. 

Let's analyze the options:
* **A: NADPH oxidase:** This enzyme is crucial for the respiratory burst in neutrophils. It generates superoxide radicals (O2-), which are then converted into other reactive oxygen species. This is the *first* step in hypochlorite production.
* **B: Myeloperoxidase:** This enzyme uses hydrogen peroxide (H2O2) and chloride ions (Cl-) to produce hypochlorous acid (HOCl), which is hypochlorite. This is the *direct* enzyme responsible for hypochlorite formation.
* **C: Catalase:** Catalase breaks down hydrogen peroxide into water and oxygen. It *removes* a substrate needed for hypochlorite production, so it's not involved in its formation.
* **D: Superoxide dismutase:** This enzyme converts superoxide radicals into hydrogen peroxide. While it's part of the reactive oxygen species pathway, it doesn't directly produce hypochlorite.

Since the question specifically asks for the enzyme needed for *production* of hypochlorite, myeloperoxidase is the correct answer as it directly catalyzes the reaction that forms hypochlorite. NADPH oxidase is important for initiating the process, but myeloperoxidase is the final enzyme in the pathway that generates hypochlorite.

Answer:
B: Myeloperoxidase
0.95"
"A 7 year presented with intermittent abdominal cramps, loose stools and on stool examination ova of size 100 micrometre is seen. Which is not the cause? [Options: A: Fasciola gigantic; B: Echinostorum ileocaxnum; C: Gastrodiscoides hominis; D: Opisthorcis viverrani]",D: Opisthorcis viverrani,A: Fasciola gigantic,0.8,GlobalMedQA_EN,"Reasoning:
The question describes a 7-year-old with abdominal cramps and loose stools, with ova of 100 micrometers found in the stool. We need to identify which of the listed parasites is *not* a likely cause given this information.

*   **Fasciola gigantic:** This is a large fluke, and its eggs are relatively large (around 130-150 micrometers). It's a possibility, though ""gigantic"" is not a recognized species name.
*   **Echinostoma ilocanum:** This is an intestinal fluke, and its eggs are typically around 50-70 micrometers. It's smaller than the observed 100 micrometers, making it less likely.
*   **Gastrodiscoides hominis:** This is a liver fluke found in humans and other mammals. Its eggs are around 60-90 micrometers. It's also smaller than the observed size.
*   **Opisthorchis viverrini:** This is a liver fluke common in Southeast Asia. Its eggs are approximately 80-90 micrometers. Also smaller than the observed size.

Considering the size of the ova (100 micrometers), *Fasciola* is the most plausible option, even with the slight naming discrepancy. The other options all have egg sizes significantly smaller than 100 micrometers. Therefore, the parasite that is *not* the cause is one of the smaller ones. Between Echinostoma, Gastrodiscoides and Opisthorchis, Echinostoma is the smallest and therefore least likely to be the cause of 100 micrometer sized ova.

A: Fasciola gigantic
0.8"
Therapeutic level of lithium is: [Options: A: 5-Jan; B: 10-May; C: 15-Oct; D: 15-20],C: 15-Oct,D: 15-20,0.2,GlobalMedQA_EN,"Reasoning:
Lithium is a mood stabilizer used in the treatment of bipolar disorder. Maintaining a therapeutic level is crucial for its effectiveness and to avoid toxicity. The therapeutic range for lithium is generally considered to be between 0.6 and 1.2 mEq/L. Looking at the options, we need to find a range that falls within this therapeutic window. The options provided are not in mEq/L, but rather appear to be dates. This suggests the question is flawed or a trick question. However, if we interpret the numbers as representing a range, we can consider the options. 5-Jan, 10-May, 15-Oct, and 15-20. None of these options directly relate to the known therapeutic range of lithium in terms of concentration. However, the option 15-20 seems to be the only one that contains numbers that could be interpreted as a range. Given the context of therapeutic levels, it's possible the question intends for us to consider these numbers as a concentration range, even though the units are missing. If we assume the question is looking for a numerical range, 15-20 is the only plausible option, though it's significantly higher than the actual therapeutic range.

D: 15-20
0.2"
Most common cause of Seizures in an elderly with Cerebrovascular Stroke is [Options: A: Alcohol withdrawal; B: Cerebrovascular stroke; C: Uremia; D: Meningitis],B: Cerebrovascular stroke,B: Cerebrovascular stroke,0.95,GlobalMedQA_EN,"Reasoning:
The question asks for the *most common* cause of seizures in an elderly patient *with* a cerebrovascular stroke. While alcohol withdrawal, uremia, and meningitis can all cause seizures, the context of a recent stroke significantly points towards the stroke itself being the most likely culprit. Strokes cause brain damage, and this damage frequently leads to seizures, particularly in the acute phase. This is known as post-stroke seizures. Alcohol withdrawal is less directly linked to stroke, and uremia and meningitis are less common causes of seizures overall, and less common in the context of a stroke.

Therefore, the most common cause is the cerebrovascular stroke itself.

B: Cerebrovascular stroke
0.95"
Kidney plays a role in maintaining constancy of milieu interior. Milieu interior refers to: [Options: A: ECF; B: ICF; C: Plasma; D: Serum],A: ECF,A: ECF,0.95,GlobalMedQA_EN,"Reasoning:
The term ""milieu interior"" was coined by Claude Bernard to describe the internal environment of the body, which must be kept constant for cells to function properly. This internal environment is essentially the extracellular fluid (ECF). The ECF comprises the interstitial fluid and the plasma. While plasma and serum are components of the ECF, they don't represent the *entire* milieu interior. ICF (intracellular fluid) is the fluid *inside* cells and is not what Bernard was referring to when discussing the constancy of the internal environment. Therefore, ECF is the most accurate answer.

A: ECF
0.95"
The mean of the 25 plasma volumes is 12.5 litres. Standard detion is 0.25. Calculate Variance:- [Options: A: 0.0625; B: 0.625; C: 6.25; D: 625],A: 0.0625,A: 0.0625,0.99,GlobalMedQA_EN,"Reasoning:
The variance is the square of the standard deviation. We are given that the standard deviation is 0.25 litres. Therefore, the variance is (0.25)^2 = 0.0625. The mean of the plasma volumes is irrelevant to the calculation of the variance, as is the number of plasma volumes.

A: 0.0625
0.99"
Topical mitomycin C is used to aid the following treatment: [Options: A: Endoscopic treatment of angiofibroma; B: Treatment of laryngotracheal stenosis; C: Skull base osteomyelitis; D: Tonsillectomy],B: Treatment of laryngotracheal stenosis,A: Endoscopic treatment of angiofibroma,0.95,GlobalMedQA_EN,"Reasoning:
Mitomycin C is an antineoplastic agent that inhibits DNA synthesis. It's known for its use in preventing restenosis after endoscopic sinus surgery, particularly in cases of cholesteatoma or aggressive disease. Angiofibromas are highly vascular tumors of the nasopharynx, and endoscopic treatment often involves significant vascular disruption. Mitomycin C can help prevent recurrence by inhibiting the growth of residual tumor cells and reducing the risk of bleeding. 

Laryngotracheal stenosis involves narrowing of the airway and is typically treated with dilation or reconstruction, not topical chemotherapy. Skull base osteomyelitis is a bone infection requiring antibiotics and surgical debridement. Tonsillectomy is the surgical removal of the tonsils and doesn't typically involve adjunctive mitomycin C.

Therefore, the most appropriate use of topical mitomycin C from the given options is in the endoscopic treatment of angiofibroma.

A: Endoscopic treatment of angiofibroma
0.95"
Antibiotics are indicated in which type of psoriasis? [Options: A: Guttate; B: Pustular; C: Chronic plaque psoriasis; D: Erythrodermic psoriasis.],A: Guttate,A: Guttate,0.8,GlobalMedQA_EN,"Reasoning:
Psoriasis is an autoimmune condition, and antibiotics are not a primary treatment for it. However, certain types of psoriasis can be associated with bacterial infections that might warrant antibiotic use. Guttate psoriasis is often triggered by streptococcal infections, making antibiotics a reasonable consideration. Pustular psoriasis can sometimes involve bacterial superinfection of the pustules, and antibiotics may be used in these cases. Chronic plaque psoriasis is the most common type and is typically treated with topical therapies, phototherapy, or systemic immunomodulators, not antibiotics. Erythrodermic psoriasis is a severe form that requires systemic treatment, but antibiotics aren't a first-line therapy. Between guttate and pustular, guttate psoriasis has a stronger and more direct link to bacterial triggers (strep throat), making antibiotics more commonly indicated.

A: Guttate
0.8"
Pure gonadal dysgenesis will be diagnosed in the presence of : [Options: A: Bilateral streak gonads; B: Bilateral dysgenetic gonads; C: One side steak and other dysgenetic gonads; D: One side streak and other normal looking gonad],A: Bilateral streak gonads,A: Bilateral streak gonads,0.95,GlobalMedQA_EN,"Reasoning:
Pure gonadal dysgenesis (PGD) is a condition where the gonads do not develop properly, leading to a lack of functional ovarian or testicular tissue. In PGD, the gonads are typically present but are streak gonads, meaning they are fibrous strands with no developing follicles or tubules. The key characteristic of *pure* gonadal dysgenesis is that both gonads are affected in the same way. Therefore, the diagnosis requires bilateral streak gonads. Bilateral dysgenetic gonads is a broader term and doesn't necessarily mean streak gonads. Having one streak and one normal gonad or one streak and one dysgenetic gonad would not be considered *pure* gonadal dysgenesis.

A: Bilateral streak gonads
0.95"
Wolf Chaikoff effect - [Options: A: Excess iodine intake causes hypothyroidism; B: Iodine induced hyper thyroidism; C: Thyrotoxicosis due to excessive amount of iodineingestion; D: Drug induced hyperthyroidism],A: Excess iodine intake causes hypothyroidism,A: Excess iodine intake causes hypothyroidism,0.95,GlobalMedQA_EN,"Reasoning:
The Wolf-Chaikoff effect describes a phenomenon where excess iodine intake initially *inhibits* thyroid hormone synthesis and release, leading to a temporary state of hypothyroidism. This is due to the thyroid gland being overwhelmed by the sudden influx of iodine, disrupting its normal functioning. While it can eventually lead to hyperthyroidism in some cases (like Jod-Basedow effect), the *initial* effect is hypothyroidism. Option A directly states this initial effect. Option B describes the opposite effect. Option C is a general term for hyperthyroidism and doesn't specifically relate to the initial effect of iodine. Option D refers to hyperthyroidism caused by drugs, not iodine.

A: Excess iodine intake causes hypothyroidism
0.95"
A 19-year-old college student develops a rash. She works part-time in a pediatric AIDS clinic. Her blood is drawn and tested for specific antibody to the chicken pox virus (varicella-zoster). Which of the following antibody classes would you expect to find if she is immune to chicken pox? [Options: A: IgG; B: IgA; C: IgM; D: IgD],A: IgG,A: IgG,0.95,GlobalMedQA_EN,"Reasoning:
The question asks about antibody classes found in someone *immune* to chicken pox. Immunity implies a past exposure and a resulting immune response. IgM is typically the first antibody produced during an initial infection, but its levels decline relatively quickly. IgD is generally found on the surface of B cells and doesn't play a major role in systemic immunity. IgA is important for mucosal immunity, but chickenpox is a systemic viral infection. IgG is the main antibody found in serum and is responsible for long-term immunity, appearing after IgM and persisting for years. Since the student is immune, we would expect to find IgG.

A: IgG
0.95"
Coefficient of thermal expansion of which of following is most similar to that of tooth? [Options: A: Gold inlay; B: Acrylic resin; C: Silicate cement; D: Gold foil],C: Silicate cement,C: Silicate cement,0.95,GlobalMedQA_EN,"Reasoning:
The coefficient of thermal expansion is a crucial property when considering dental materials, as mismatches between the tooth and the restoration can lead to issues like cracking or debonding. We need to find the material with a coefficient of thermal expansion closest to that of natural tooth enamel and dentin.

Tooth enamel and dentin have a coefficient of thermal expansion around 5.5-11 x 10^-6 /°C (values vary depending on source and tooth composition).

A: Gold inlay has a high coefficient of thermal expansion (around 14-16 x 10^-6 /°C), significantly higher than tooth structure.
B: Acrylic resin has a relatively high coefficient of thermal expansion (around 60-80 x 10^-6 /°C), much higher than tooth structure.
C: Silicate cement has a coefficient of thermal expansion closest to that of tooth structure, around 8-12 x 10^-6 /°C.
D: Gold foil also has a high coefficient of thermal expansion, similar to gold inlay (around 14-16 x 10^-6 /°C).

Therefore, silicate cement is the most similar to tooth structure in terms of thermal expansion.

C: Silicate cement
0.95"
A patient presented with ARF with complete anuria but a normal ultrasound. Next investigation is – [Options: A: IVP; B: Antegrade pyelography; C: Retrograde pyelography; D: Radiorenogram],D: Radiorenogram,C: Retrograde pyelography,0.9,GlobalMedQA_EN,"Reasoning:
The patient presents with Acute Renal Failure (ARF) and complete anuria (no urine output), but a normal ultrasound. This suggests a post-renal cause of the ARF, meaning there's an obstruction *after* the kidneys themselves. A normal ultrasound rules out obvious hydronephrosis (swelling of the kidneys due to blockage), but doesn't exclude obstruction lower in the urinary tract (ureters, bladder, urethra).

Let's analyze the options:

*   **A: IVP (Intravenous Pyelogram):** This uses IV contrast to visualize the kidneys, ureters, and bladder. While it can show obstructions, it's less useful when there's complete anuria as contrast won't be excreted. Also, it's relatively invasive and exposes the patient to contrast dye.
*   **B: Antegrade pyelography:** This involves inserting a catheter *up* the ureter from the kidney. This is typically used when retrograde approaches fail or are contraindicated. It's more invasive than retrograde pyelography.
*   **C: Retrograde pyelography:** This involves inserting a catheter *up* the urethra and into the ureters. It allows direct visualization of the ureters and can identify obstructions. It's less invasive than antegrade pyelography and can be performed even with anuria.
*   **D: Radiorenogram:** This assesses renal blood flow and function, but won't identify the *location* of an obstruction. It's less helpful when anuria is present.

Given the complete anuria and normal ultrasound, the best next step is to directly visualize the ureters to look for obstruction. Retrograde pyelography is the least invasive way to do this when anuria is present.

C: Retrograde pyelography
0.9"
"A deep-seated carcinoma in the neck near the bifurcation of the common carotid artery with no evidence of primary carcinoma of the mouth, pharynx, larynx is [Options: A: Collar stud abscess.; B: Branchiogenic carcinoma.; C: Subhyoid bursal cyst.; D: Cold abscess.]",B: Branchiogenic carcinoma.,B: Branchiogenic carcinoma.,0.85,GlobalMedQA_EN,"Reasoning:
The question describes a carcinoma (cancer) in the neck, specifically near the carotid artery bifurcation, and importantly, there's *no* primary tumor found in the usual locations like the mouth, pharynx, or larynx. This suggests the cancer originated elsewhere and metastasized to the neck. Let's analyze the options:

*   **A: Collar stud abscess:** This is an infection, typically from tonsillitis, and presents as an abscess, not a carcinoma.
*   **B: Branchiogenic carcinoma:** These tumors arise from remnants of the branchial arches. They can occur in the neck, and can sometimes present without a clear primary site, making this a strong possibility.
*   **C: Subhyoid bursal cyst:** This is a fluid-filled cyst, not a carcinoma.
*   **D: Cold abscess:** This is also an infection, but one that doesn't show typical signs of inflammation, and is not a carcinoma.

Given the description of a carcinoma with no primary site, a branchiogenic carcinoma is the most plausible diagnosis. These tumors can arise from ectopic tissue in the neck and present as a neck mass without a primary source.

B: Branchiogenic carcinoma.
0.85"
"A patient comes to a private physician and diagnosed with TB, within how many days he has to be informed to District Health officer [Options: A: 10 days; B: 15 days; C: 30 days; D: 45 days]",C: 30 days,A: 10 days,0.95,GlobalMedQA_EN,"Reasoning:
Tuberculosis (TB) is a notifiable disease, meaning healthcare providers are legally required to report confirmed cases to public health authorities. This is crucial for disease surveillance, contact tracing, and controlling outbreaks. The time frame for reporting varies by jurisdiction, but generally, it's a relatively short period to ensure timely public health intervention. While the exact number can differ based on local regulations, 10 days is a common and reasonable timeframe for reporting a case of TB to the District Health Officer. 15, 30, and 45 days seem too long for a serious infectious disease like TB.

A: 10 days
0.95"
"A 68-year-old woman comes to the physician because of a 3-month history of an oozing, red area above the left ankle. She does not recall any trauma to the lower extremity. She has type 2 diabetes mellitus, hypertension, atrial fibrillation, and ulcerative colitis. She had a myocardial infarction 2 years ago and a stroke 7 years ago. She has smoked 2 packs of cigarettes daily for 48 years and drinks 2 alcoholic beverages daily. Current medications include warfarin, metformin, aspirin, atorvastatin, carvedilol, and mesalamine. She is 165 cm (5 ft 4 in) tall and weighs 67 kg (148 lb); BMI is 24.6 kg/m2. Her temperature is 36.7°C (98°F), pulse is 90/min, respirations are 12/min, and blood pressure is 135/90 mm Hg. Examination shows yellow-brown spots and dilated tortuous veins over the lower extremities. The feet and the left calf are edematous. Femoral, popliteal, and pedal pulses are palpable bilaterally. There is a 3-cm (1.2-in) painless, shallow, exudative ulcer surrounded by granulation tissue above the medial left ankle. There is slight drooping of the right side of the face. Which of the following is the most likely cause of this patient's ulcer? [Options: A: Decreased arterial blood flow; B: Peripheral neuropathy; C: Venous insufficiency; D: Chronic pressure; E: Drug-induced microvascular occlusion]",C: Venous insufficiency,C: Venous insufficiency,0.95,GlobalMedQA_EN,"Reasoning:
The patient presents with a chronic, oozing ulcer above the medial left ankle, accompanied by signs suggestive of venous issues. Let's analyze each option:

A: Decreased arterial blood flow - While the patient has risk factors for peripheral artery disease (smoking, diabetes, hypertension, history of MI and stroke), the palpable femoral, popliteal, and pedal pulses make significant arterial insufficiency less likely. Arterial ulcers are typically painful, located on pressure points (toes, heels), and have a ""punched-out"" appearance. This ulcer is described as painless and shallow.

B: Peripheral neuropathy - Peripheral neuropathy is common in diabetes, but diabetic ulcers are usually on the feet, often on pressure points, and are frequently associated with loss of protective sensation. This ulcer is above the ankle and not specifically described as being on a pressure point.

C: Venous insufficiency - This is the most likely diagnosis. The patient has risk factors for venous insufficiency (age, history of stroke, edema, dilated tortuous veins). Venous ulcers are typically located above the medial malleolus, are shallow, have irregular borders, and are associated with edema and hyperpigmentation. The description of the ulcer and surrounding skin findings strongly supports this.

D: Chronic pressure - Pressure ulcers are typically found over bony prominences, and the location above the medial ankle is not a typical pressure point.

E: Drug-induced microvascular occlusion - While some drugs can cause microvascular damage, this is less likely to present as a single, localized ulcer. Warfarin is a potential culprit, but the clinical picture is more consistent with venous insufficiency.

Therefore, venous insufficiency is the most likely cause of the ulcer.

C: Venous insufficiency
0.95"
"As far as the raise of frictional heat, in using various rotary cutting instruments is concerned which one of the following is the most kind to the pulp [Options: A: Stainless steel bur; B: Diamond bur; C: carbide bur; D: Carbon steel bur]",C: carbide bur,A: Stainless steel bur,0.8,GlobalMedQA_EN,"Reasoning:
Frictional heat is a major concern when using rotary cutting instruments, as it can damage the pulp. The amount of heat generated depends on several factors, including the instrument material, speed, and pressure. Generally, harder materials generate more heat due to increased friction.

*   **Stainless steel burs** are relatively soft and generate less heat, but also wear down quickly.
*   **Diamond burs** are very hard and efficient, but can generate significant heat if not used with proper cooling (water).
*   **Carbide burs** are harder than stainless steel but not as hard as diamond, offering a good balance between cutting efficiency and heat generation.
*   **Carbon steel burs** are relatively soft and dull quickly, but generate less heat than harder materials.

Considering the goal of minimizing heat to protect the pulp, stainless steel and carbon steel burs are better choices than diamond or carbide burs. Between these two, stainless steel is generally preferred as it's more commonly used and understood in terms of heat generation. Carbon steel dulls quickly, requiring more pressure which can indirectly increase heat.

Therefore, stainless steel burs are the most kind to the pulp.

A: Stainless steel bur
0.8"
"Management plan for osteogenic sarcoma of the lower end of femur must include - [Options: A: Radiotherapy, amputation, chemotherapy; B: Surgery alone; C: Chemotherapy + Limb Salvage Surgery + Chemotherapy; D: Chemotherapy + Radiotherapy]",C: Chemotherapy + Limb Salvage Surgery + Chemotherapy,C: Chemotherapy + Limb Salvage Surgery + Chemotherapy,0.95,GlobalMedQA_EN,"Reasoning:
Osteogenic sarcoma is a high-grade malignant bone tumor. The standard of care for osteogenic sarcoma, especially in the lower end of the femur, has evolved significantly. Historically, amputation was the primary treatment. However, with advancements in chemotherapy and surgical techniques, limb salvage surgery has become a viable and often preferred option. Chemotherapy is crucial both before (neoadjuvant) and after (adjuvant) surgery to reduce metastasis and improve outcomes. Radiotherapy has a limited role in osteosarcoma due to its potential to induce secondary malignancies and doesn't significantly improve survival. Surgery alone is insufficient for a high-grade sarcoma like osteogenic sarcoma. Therefore, the most appropriate management plan involves a combination of chemotherapy, limb salvage surgery, and further chemotherapy.

C: Chemotherapy + Limb Salvage Surgery + Chemotherapy
0.95"
One of the constituents of the commonly used metered dose inhalers in bronchial asthma which is an air pollutant & dangerous to earth's stratosphere is - [Options: A: Flurocarbons; B: Salbutamol; C: Ozone; D: Oxygen],A: Flurocarbons,A: Flurocarbons,0.95,GlobalMedQA_EN,"Reasoning:
The question asks for a constituent of metered dose inhalers that is also an air pollutant dangerous to the stratosphere. Let's analyze each option:

*   **A: Fluorocarbons:** Fluorocarbons (specifically chlorofluorocarbons or CFCs) were historically used as propellants in metered dose inhalers. They are well-known for causing ozone depletion in the stratosphere, making them a significant air pollutant. While modern inhalers have largely switched to hydrofluoroalkanes (HFAs), the question refers to ""commonly used"" inhalers, implying older formulations are still relevant.
*   **B: Salbutamol:** Salbutamol is the active drug in many inhalers, a bronchodilator. It's not an air pollutant.
*   **C: Ozone:** Ozone in the stratosphere is *protective*, not a pollutant caused by inhalers. While ground-level ozone is a pollutant, it's not related to inhaler constituents.
*   **D: Oxygen:** Oxygen is essential for life and not a pollutant.

Therefore, fluorocarbons are the most appropriate answer as they were historically used in inhalers and are known to damage the stratosphere.

A: Flurocarbons
0.95"
Abdominal pain in Henoch Schonlein purpura is due to - [Options: A: Mucosal erosions and swelling of the G1 mucosa; B: Gastrointestinal hemorrhage; C: Volvulus; D: Associated pancreatic inflammation],A: Mucosal erosions and swelling of the G1 mucosa,A: Mucosal erosions and swelling of the G1 mucosa.,0.95,GlobalMedQA_EN,"Reasoning:
Henoch-Schönlein purpura (HSP) is a systemic vasculitis, meaning inflammation of blood vessels. It commonly affects small vessels in the skin, joints, kidneys, and gastrointestinal tract. The abdominal pain in HSP is a very common symptom. The vasculitis causes edema and hemorrhage in the intestinal wall, leading to mucosal erosions and swelling. This is most prominent in the G1 mucosa (duodenum and jejunum). While gastrointestinal hemorrhage can occur as a *result* of the erosions, it isn't the primary *cause* of the pain. Volvulus and pancreatic inflammation are not typical manifestations of HSP.

Therefore, the most direct cause of abdominal pain in HSP is the mucosal damage.

A: Mucosal erosions and swelling of the G1 mucosa.
0.95"
"A 30-year-old lady C/O sudden onset of breathlessness, anxiety, palpitation and feeling of impending doom. Physical examination is normal. Diagnosis is: September 2012 [Options: A: Panic attack; B: Anxitey disorder; C: Conversion disorder; D: Acute psychosis]",A: Panic attack,A: Panic attack,0.95,GlobalMedQA_EN,"Reasoning:
The patient presents with a sudden onset of breathlessness, anxiety, palpitations, and a feeling of impending doom. These are classic symptoms of a panic attack. A panic attack is characterized by intense fear or discomfort that peaks within minutes and includes at least four of the following symptoms: palpitations, sweating, trembling, shortness of breath, feeling of choking, chest pain, nausea, dizziness, derealization or depersonalization, fear of losing control, or fear of dying. The physical examination being normal further supports this diagnosis, as panic attacks can occur without any underlying physical abnormalities.

Anxiety disorder is a broader category and doesn't necessarily present with such a sudden, acute onset of symptoms. Conversion disorder typically involves neurological symptoms like weakness or paralysis, which are not present here. Acute psychosis involves a loss of contact with reality, which is also not indicated by the provided information.

Therefore, the most likely diagnosis is a panic attack.

A: Panic attack
0.95"
Most sensitive test for diagnosing pheochromocytoma is : [Options: A: MRI; B: 24 hour urinary xma; C: MIBG scan; D: Plasma free metanephrines],D: Plasma free metanephrines,D: Plasma free metanephrines,0.95,GlobalMedQA_EN,"Reasoning:
Pheochromocytoma is a rare tumor of the adrenal gland that causes the release of catecholamines (epinephrine and norepinephrine). Diagnosing it requires identifying excess catecholamines or their metabolites. Let's analyze each option:

A: MRI - MRI is useful for *locating* the tumor once suspicion is raised, but it doesn't directly measure catecholamine levels and can miss small tumors.
B: 24-hour urinary metanephrines - This test measures catecholamine metabolites in urine over a 24-hour period. It's a good initial test, but can be affected by diet and stress.
C: MIBG scan - MIBG (metaiodobenzylguanidine) is a radiotracer taken up by adrenergic tissues, including pheochromocytomas. It's useful for *localizing* tumors, especially extra-adrenal ones, but isn't the most sensitive initial test.
D: Plasma free metanephrines - This test directly measures the free, unbound metanephrines in the blood. It has the highest sensitivity because it reflects the immediate release of catecholamines and isn't as affected by factors like stress or diet as urine tests.

Therefore, plasma free metanephrines is the most sensitive initial test for diagnosing pheochromocytoma.

D: Plasma free metanephrines
0.95"
The intervillous space of the placenta contains [Options: A: Maternal blood; B: Fetal blood; C: Maternal and fetal blood; D: Amniotic fluid],A: Maternal blood,A: Maternal blood,0.95,GlobalMedQA_EN,"Reasoning:
The placenta is the organ that provides oxygen and nutrients to the developing fetus and removes waste products. The intervillous space is the area within the placenta where maternal blood flows. This is where exchange of nutrients and waste between the mother and fetus occurs. Fetal blood is contained within the umbilical cord and fetal capillaries within the chorionic villi, but does *not* directly enter the intervillous space. Amniotic fluid surrounds the fetus, not the placenta's intervillous space. Therefore, the intervillous space contains maternal blood.

A: Maternal blood
0.95"
The normal AV nodal delay is [Options: A: 0.16 sec; B: 0.13 sec; C: 0.09 sec; D: 0.03 sec],C: 0.09 sec,C: 0.09 sec,0.95,GlobalMedQA_EN,"Reasoning:
The AV node delay is a crucial component of the cardiac conduction system, ensuring proper atrial contraction before ventricular contraction. A normal AV nodal delay allows for complete atrial emptying into the ventricles. The typical range for a normal AV nodal delay is between 0.05 and 0.10 seconds. Considering the options provided, 0.09 seconds falls within this normal range. 0.16 and 0.13 seconds are too long, indicating a prolonged PR interval, and 0.03 seconds is too short.

C: 0.09 sec
0.95"
Which of the following is a monoclonal antibody against IL-5 [Options: A: Omalizumab; B: Mepolizumab; C: Tocilizumab; D: Alemtuzumab],B: Mepolizumab,B: Mepolizumab,0.95,GlobalMedQA_EN,"Reasoning:
The question asks for a monoclonal antibody against IL-5. Let's analyze each option:
A: Omalizumab is an anti-IgE antibody, used for allergic asthma. It doesn't target IL-5.
B: Mepolizumab is a monoclonal antibody specifically designed to bind to IL-5, preventing it from interacting with its receptor. This is a strong candidate.
C: Tocilizumab is an anti-IL-6 receptor antibody, used in rheumatoid arthritis and other inflammatory conditions. It doesn't target IL-5.
D: Alemtuzumab is an anti-CD52 antibody, used in multiple sclerosis and certain leukemias. It doesn't target IL-5.

Therefore, Mepolizumab is the correct answer.

B: Mepolizumab
0.95"
"A 25-year-old lady reports to you with a diffuse, non progressive and a non tender swelling of the right maxilla, approximately 2 x 1.5 cm, extending from the canine to the first molar region. The x-ray shows a ground glass appearance of the bone in the concerned area. The surgical treatment will be [Options: A: Total excision of the lesion; B: Curettage of the area with extraction of the involved teeth; C: Surgical cosmetic recontouring only; D: Surgical excision followed by radiotherapy]",C: Surgical cosmetic recontouring only,B: Curettage of the area with extraction of the involved teeth,0.9,GlobalMedQA_EN,"Reasoning:
The clinical presentation – a slow-growing, non-tender swelling in the maxilla with a ""ground glass"" appearance on X-ray – is highly suggestive of a fibrous dysplasia. Fibrous dysplasia is a benign fibro-osseous lesion where normal bone is replaced by a mixture of cellular fibrous tissue and immature woven bone. 

Total excision (A) is generally not feasible or necessary for fibrous dysplasia, as the lesion often involves a large area and complete removal can lead to significant morbidity. Surgical cosmetic recontouring (C) might be considered for aesthetic purposes in some cases, but doesn't address the underlying pathology. Radiotherapy (D) is not indicated for a benign lesion like fibrous dysplasia.

Curettage (B) with extraction of involved teeth is the most appropriate initial treatment. Curettage aims to remove the bulk of the lesion, and extraction of teeth within the affected area prevents future complications and allows for better access during the procedure. While it may not completely eliminate the lesion (as fibrous dysplasia can be widespread), it manages the localized swelling and reduces the risk of further expansion.

Therefore, curettage with extraction is the most suitable surgical treatment option.

B: Curettage of the area with extraction of the involved teeth
0.9"
Dermatitis herpetiformis is associated with [Options: A: Ulcerative colitis; B: Crohn's disease; C: Irritable bowel syndrome; D: Gluten sensitive enteropathy],D: Gluten sensitive enteropathy,D: Gluten sensitive enteropathy,0.95,GlobalMedQA_EN,"Reasoning:
Dermatitis herpetiformis (DH) is a chronic blistering skin condition. It is strongly linked to celiac disease, which is an autoimmune reaction to gluten. Gluten sensitive enteropathy is another term for celiac disease, referring to the damage to the small intestine caused by gluten. Ulcerative colitis and Crohn's disease are forms of inflammatory bowel disease (IBD), but the association with DH is not as strong or direct as with celiac disease. Irritable bowel syndrome (IBS) is a functional gastrointestinal disorder and is not typically associated with DH. Therefore, the most accurate answer is gluten sensitive enteropathy.

D: Gluten sensitive enteropathy
0.95"
Which one of the following is not recommended for the immediate treatment of acute severe asthma? [Options: A: Iptratropium; B: Magnesium sulfate; C: Hydrocoisone; D: Salmeterol],D: Salmeterol,D: Salmeterol,0.95,GlobalMedQA_EN,"Reasoning:
Acute severe asthma requires quick bronchodilation and reduction of airway inflammation. Let's analyze each option:

*   **Ipratropium:** A bronchodilator, often used in combination with beta-agonists in acute asthma, so it *is* recommended.
*   **Magnesium sulfate:** Can act as a bronchodilator and is used in severe asthma exacerbations when initial treatments aren't fully effective, so it *is* recommended.
*   **Hydrocortisone:** A systemic corticosteroid, used to reduce airway inflammation in acute asthma, so it *is* recommended.
*   **Salmeterol:** A long-acting beta-agonist (LABA). LABAs are *not* recommended for immediate treatment of acute asthma exacerbations. They have a slow onset of action and can even be harmful in acute situations. Short-acting beta-agonists (SABAs) like albuterol are preferred for quick relief.

Therefore, salmeterol is the one that is not recommended for the immediate treatment of acute severe asthma.

D: Salmeterol
0.95"
Water loss is severe if intestinal obstruction occurs at? [Options: A: First pa of duodenum; B: Third pa of duodenum; C: Mid jejunum; D: Ileum],A: First pa of duodenum,Ileum: Severe water loss due to impaired absorption.,0.9,GlobalMedQA_EN,"Reasoning:
Intestinal obstruction leads to water loss because the normal absorption of water is disrupted, and fluids accumulate proximal to the obstruction. The amount of water loss depends on where the obstruction is located and how much intestinal surface area is still available for absorption. The further down the small intestine the obstruction occurs, the less time there is for water absorption. The ileum is responsible for significant water absorption, and obstruction here prevents this absorption, leading to substantial fluid and electrolyte loss. The duodenum primarily handles initial digestion and mixing, while the jejunum absorbs nutrients. While obstruction at any point causes issues, the ileum's role in water absorption makes obstruction there the most severe in terms of water loss.

Ileum: Severe water loss due to impaired absorption.
0.9"
"Not a feature of Anopheles is [Options: A: Spotted wings; B: Siphon tube seen in larvae; C: Boat shaped eggs; D: Rest at an angle, inclined to the surface]",B: Siphon tube seen in larvae,A: Spotted wings,0.95,GlobalMedQA_EN,"Reasoning:
Anopheles mosquitoes are known for their characteristic resting posture, which is at an angle to the surface, and their larval stage features a siphon tube for breathing. They also lay eggs that float on the water surface, which are boat-shaped. Spotted wings are not a typical feature associated with Anopheles mosquitoes. Therefore, the answer must be spotted wings.

A: Spotted wings
0.95"
"In fracture neck of fibula, the following nerve is involved [Options: A: Common peroneal nerve; B: Anterior tibial nerve; C: Posterior tibial nerve; D: Medial popliteal nerve]",A: Common peroneal nerve,A: Common peroneal nerve,0.95,GlobalMedQA_EN,"Reasoning:
The fracture neck of fibula is a common injury, and it's important to know the anatomical relationships of nerves around the fibula. The common peroneal nerve (also known as the common fibular nerve) wraps around the neck of the fibula. Therefore, a fracture at this location can easily injure this nerve. The anterior tibial nerve is a branch of the common tibial nerve and travels deeper in the leg. The posterior tibial nerve runs along the back of the leg, and the medial popliteal nerve is not a recognized nerve. Thus, the common peroneal nerve is the most likely nerve to be involved in a fracture of the fibular neck.

A: Common peroneal nerve
0.95"
A cook prepares sand witches for 10 people going for picnic. Eight out of them develop servere gastroenteritis within 4-6 hrs of consumption of the sand witches. It is likely that on investigations the cook is found to be the earner of: [Options: A: Salmonella typhi.; B: Vibrio cholerae; C: Entamoeba histolytica; D: Staphylococcus aureus.],D: Staphylococcus aureus.,D: Staphylococcus aureus,0.95,GlobalMedQA_EN,"Reasoning:
The key information is that 8 out of 10 people developed severe gastroenteritis 4-6 hours after eating sandwiches. This rapid onset suggests a pre-formed toxin rather than an infection that takes longer to incubate. Let's analyze the options:

*   **A: Salmonella typhi:** Causes typhoid fever, which has a longer incubation period (days to weeks) and doesn't typically present as rapid-onset gastroenteritis in a group after a single meal.
*   **B: Vibrio cholerae:** Causes cholera, with symptoms appearing within hours to days, but typically involves profuse watery diarrhea and vomiting, and is associated with contaminated water sources more often than sandwiches.
*   **C: Entamoeba histolytica:** Causes amoebic dysentery, which has a longer incubation period (days to weeks) and presents with bloody diarrhea.
*   **D: Staphylococcus aureus:**  Produces a heat-stable toxin that causes rapid-onset (30 minutes to 8 hours) nausea, vomiting, and abdominal cramps. This fits the scenario perfectly, as the symptoms appeared within 4-6 hours in a large proportion of the group. The cook being the carrier makes sense as they handled the food.

Therefore, *Staphylococcus aureus* is the most likely culprit.

D: Staphylococcus aureus
0.95"
The complication of trauma to the danger area of the face among the following is [Options: A: Cavernous sinus infection; B: Meningitis; C: Visual loss; D: Loss of memory],A: Cavernous sinus infection,A: Cavernous sinus infection,0.95,GlobalMedQA_EN,"Reasoning:
The ""danger area of the face"" refers to the region over the maxillary sinus and anterior nasal cavity. Trauma to this area carries a high risk of infection spreading to the cavernous sinus due to the close proximity and venous connections. The cavernous sinus is a dural venous sinus at the base of the brain, and infection there can lead to serious neurological complications. Meningitis is possible with facial trauma, but less directly linked to the ""danger area"" specifically. Visual loss could occur, but is a consequence *of* cavernous sinus involvement rather than a direct complication of the trauma itself. Loss of memory is less likely to be a direct result of trauma to this specific facial region. Therefore, cavernous sinus infection is the most direct and significant complication.

A: Cavernous sinus infection
0.95"
Oldest lens fibres are found in ? [Options: A: Capsule; B: Coex; C: Coex; D: Nucleus],D: Nucleus,D: Nucleus,0.95,GlobalMedQA_EN,"Reasoning:
Lens fibers are elongated cells that make up the bulk of the lens. They are unique in that they are multinucleated and have a very long lifespan. The oldest lens fibers are located at the center of the lens, which is the nucleus. As new fibers are continuously added to the outer layers, the older fibers are pushed towards the center. The capsule is the outer covering of the lens, and the cortex is the region between the nucleus and the capsule. Therefore, the oldest lens fibers would be found in the nucleus.

D: Nucleus
0.95"
Facial nerve injury during forceps delivery in labour is due to: [Options: A: Mastoid process is absent at birth; B: Parotid gland in developing stage; C: Beak of forceps engages main trunk of facial Nerve; D: Sublingual hematoma during delivery causes neuropraxia],A: Mastoid process is absent at birth,C: Beak of forceps engages main trunk of facial Nerve,0.95,GlobalMedQA_EN,"Reasoning:
The question asks about facial nerve injury during forceps delivery. Let's analyze each option:
A: The mastoid process being absent at birth doesn't directly relate to forceps trauma to the facial nerve. The mastoid process develops later.
B: The parotid gland being in a developing stage is a normal developmental process and doesn't explain trauma during delivery.
C: This option directly addresses the mechanism of injury. Forceps, if improperly applied, can compress or directly injure the facial nerve as it exits the stylomastoid foramen. The ""beak"" of the forceps could engage the main trunk of the facial nerve. This is a known complication.
D: A sublingual hematoma could cause some neuropraxia, but it's a less direct and less common cause of facial nerve injury during forceps delivery compared to direct trauma from the forceps.

Therefore, the most likely cause is direct compression of the facial nerve by the forceps.

C: Beak of forceps engages main trunk of facial Nerve
0.95"
"A 37-year-old man comes to the physician because of a 6-month history of progressive breast enlargement. Two years ago, he was diagnosed with HIV infection and started treatment with antiretroviral medications. Examination shows a soft, non-tender, ill-defined swelling at the nape of the neck. The cheeks appear hollowed. Serum studies show increased total cholesterol and LDL concentration. Which of the following medications is the most likely cause of these findings? [Options: A: Nevirapine; B: Enfuvirtide; C: Indinavir; D: Raltegravir; E: Abacavir]",C: Indinavir,C: Indinavir,0.95,GlobalMedQA_EN,"Reasoning:
The patient presents with gynecomastia (breast enlargement), lipodystrophy (hollow cheeks, nape of the neck swelling - likely a buffalo hump due to fat redistribution), and hyperlipidemia (increased cholesterol and LDL). These are all known side effects of certain antiretroviral medications, particularly protease inhibitors. Let's analyze the options:

*   **Nevirapine (A):** A non-nucleoside reverse transcriptase inhibitor (NNRTI). While it can have some metabolic side effects, it's less strongly associated with lipodystrophy and hyperlipidemia compared to protease inhibitors.
*   **Enfuvirtide (B):** A fusion inhibitor. It's generally well-tolerated with fewer metabolic side effects.
*   **Indinavir (C):** A protease inhibitor. Protease inhibitors are *strongly* associated with lipodystrophy (leading to the buffalo hump and facial wasting), hyperlipidemia, and sometimes gynecomastia.
*   **Raltegravir (D):** An integrase inhibitor. It has a relatively favorable metabolic profile.
*   **Abacavir (E):** A nucleoside reverse transcriptase inhibitor (NRTI). It's associated with hypersensitivity reactions and can have some metabolic effects, but is less likely to cause the specific constellation of symptoms seen here.

Given the combination of gynecomastia, lipodystrophy, and hyperlipidemia, a protease inhibitor is the most likely culprit. Among the options, Indinavir is a protease inhibitor.

C: Indinavir
0.95"
Parotid duct opens [Options: A: Opposite 1st mollar; B: Opposite 2nd molar; C: Into the papilla; D: Opposite incisor],B: Opposite 2nd molar,B: Opposite 2nd molar,0.95,GlobalMedQA_EN,"Reasoning:
The parotid duct, also known as Stensen's duct, carries saliva from the parotid gland to the oral cavity. It pierces the buccinator muscle and opens into the mouth. Anatomically, it opens opposite the second upper molar tooth. This is a standard anatomical landmark taught in dental and medical education. The other options are incorrect as the duct doesn't open near the first molar, incisor, or simply ""into the papilla"" without specifying location.

B: Opposite 2nd molar
0.95"
Which of the following local anaesthetic causes methemoglobinemia? [Options: A: Procaine; B: Prilocaine; C: Etidocaine; D: Ropivacaine],B: Prilocaine,B: Prilocaine,0.9,GlobalMedQA_EN,"Reasoning:
Methemoglobinemia is a condition where the iron in hemoglobin is oxidized from the ferrous (Fe2+) to the ferric (Fe3+) state, rendering it unable to bind oxygen effectively. Certain local anesthetics are known to cause this, particularly those with an aromatic ring structure that can be metabolized to form hydroxylamines. These hydroxylamines then oxidize hemoglobin.

Let's analyze the options:
A: Procaine is an ester-type local anesthetic and does *not* contain an aromatic ring. It's less likely to cause methemoglobinemia.
B: Prilocaine is an amide-type local anesthetic *with* an aromatic ring. It is known to be associated with methemoglobinemia, especially in higher doses or with rapid administration.
C: Etidocaine is an amide-type local anesthetic *with* an aromatic ring. It also has been linked to methemoglobinemia, though perhaps less frequently than prilocaine.
D: Ropivacaine is an amide-type local anesthetic *without* an aromatic ring. It has a lower risk of causing methemoglobinemia compared to prilocaine and etidocaine.

Between Prilocaine and Etidocaine, Prilocaine is more commonly cited as a cause of methemoglobinemia.

Therefore, the most likely answer is Prilocaine.

B: Prilocaine
0.9"
Which of the following drug is used for mass prophylaxis for prevention of meningococcal meningitis [Options: A: Ciprofloxacin; B: Rifampicin; C: Ceftriaxone; D: Minocycline],A: Ciprofloxacin,B: Rifampicin,0.9,GlobalMedQA_EN,"Reasoning:
Meningococcal meningitis is caused by *Neisseria meningitidis*. Mass prophylaxis aims to reduce the carriage rate of the bacteria in a population to prevent outbreaks. The drugs used for prophylaxis need to be able to eradicate the bacteria from the nasopharynx.

Ciprofloxacin is a fluoroquinolone, and while effective against *N. meningitidis*, resistance is a growing concern, and it's not typically first-line for prophylaxis due to resistance development and potential side effects, especially in children.

Rifampicin is a commonly used drug for meningococcal prophylaxis. It effectively reduces nasopharyngeal carriage, but also has issues with resistance development and causes body fluid discoloration.

Ceftriaxone is a third-generation cephalosporin. It's a potent antibiotic against *N. meningitidis* and is often used for treatment, but is more expensive and requires injection, making it less practical for mass prophylaxis compared to oral options.

Minocycline is a tetracycline antibiotic. It can be effective, but resistance is also a concern, and it's not generally preferred for mass prophylaxis.

Considering practicality, cost, and established use, Rifampicin is the most commonly used drug for mass prophylaxis against meningococcal meningitis, despite its drawbacks.

B: Rifampicin
0.9"
Which of the following is not considered for selecting a screening test? [Options: A: Disease burden; B: Physician's Knowledge of the disease; C: Cost of the test; D: Treatment efficacy],B: Physician's Knowledge of the disease,B: Physician's Knowledge of the disease,0.95,GlobalMedQA_EN,"Reasoning:
Screening tests are designed to identify diseases in asymptomatic individuals. Several factors are considered when selecting a screening test to maximize its benefit and minimize harm. These factors include the prevalence of the disease (disease burden), the availability of effective treatment if the disease is detected (treatment efficacy), and the cost-effectiveness of the test. A physician's personal knowledge of the disease, while important for diagnosis and treatment, is not a primary factor in *selecting* the screening test itself. The test selection should be based on population-level characteristics and test performance, not individual physician expertise.

Therefore, the answer is B.

B: Physician's Knowledge of the disease
0.95"
Borelia vincenti is a [Options: A: Mycoplasma; B: Mycobacteria; C: Spirochaete; D: Chlamydia],C: Spirochaete,C: Spirochaete,0.95,GlobalMedQA_EN,"Reasoning:
Borrelia vincenti is a bacterium known to cause Vincent's angina, a severe form of gum disease. It's characterized by a fusiform appearance under a microscope. This morphology is typical of spirochetes. Mycoplasmas lack a cell wall, mycobacteria are acid-fast bacilli, and chlamydia are obligate intracellular parasites. Considering the characteristics of Borrelia vincenti, it aligns most closely with the spirochete classification.

C: Spirochaete
0.95"
Holocrine secretion is seen in...gland- [Options: A: Salivary; B: Mammary; C: Sebaceous glands; D: Gastric],C: Sebaceous glands,C: Sebaceous glands,0.95,GlobalMedQA_EN,"Reasoning:
Holocrine secretion is a mode of secretion in which the entire cell breaks down to release its contents. This is a destructive process for the cell. Considering the options:
A: Salivary glands use merocrine secretion (exocytosis).
B: Mammary glands use apocrine secretion (budding of apical portion).
C: Sebaceous glands are known for secreting sebum via the rupture of the entire cell, which is holocrine secretion.
D: Gastric glands primarily use merocrine secretion.

Therefore, sebaceous glands are the correct answer.

C: Sebaceous glands
0.95"
"In semen banks, semen is preserved at low temperature using : [Options: A: Dry ice; B: Deep freeze; C: Liquid nitrogen; D: Liquid air]",C: Liquid nitrogen,C: Liquid nitrogen,0.95,GlobalMedQA_EN,"Reasoning:
Semen preservation requires extremely low temperatures to halt biological activity and maintain sperm viability. Let's analyze the options:
A: Dry ice (-78.5°C) is cold, but not cold enough for long-term preservation of biological samples like semen. It's used for short-term cooling.
B: Deep freeze typically refers to standard household freezers (-18°C to -29°C), which are far too warm for semen preservation.
C: Liquid nitrogen (-196°C) is extremely cold and is the standard method for cryopreservation of biological materials, including sperm, eggs, and embryos. It effectively stops all biological activity.
D: Liquid air (-190°C) is also very cold, but liquid nitrogen is more commonly used and readily available for cryopreservation purposes. Also, liquid air composition can vary, making liquid nitrogen a more reliable choice.

Therefore, liquid nitrogen is the most appropriate choice for long-term semen preservation in semen banks.

C: Liquid nitrogen
0.95"
Incidence rate of lung cancer among smokers is 8 per 1000 and among non smokers is 1 per 1000. Population attibutable risk is - [Options: A: 89%; B: 95%; C: 10%; D: 100%],A: 89%,A: 89%,0.8,GlobalMedQA_EN,"Reasoning:
The population attributable risk (PAR) is the proportion of cases in a population that would be eliminated if exposure to a risk factor were removed. The formula for PAR is:

PAR = (Incidence in exposed - Incidence in unexposed) / Total incidence

In this case:
Incidence in smokers (exposed) = 8 per 1000
Incidence in non-smokers (unexposed) = 1 per 1000

To calculate the total incidence, we need to know the proportion of smokers and non-smokers in the population. Since this information is not provided, we must assume a 50/50 split for simplicity. This assumption doesn't affect the calculation of the PAR as it is defined by the relative risk and incidence rates.

Total incidence = (Proportion of smokers * Incidence in smokers) + (Proportion of non-smokers * Incidence in non-smokers)
Total incidence = (0.5 * 8) + (0.5 * 1) = 4 + 0.5 = 4.5 per 1000

PAR = (8 - 1) / 4.5 = 7 / 4.5 = 1.5556 or 155.56%

However, this result is not among the options. Let's re-examine the formula and consider the meaning of PAR. The PAR represents the *proportion* of cases attributable to the exposure. It cannot be greater than 1 (or 100%). The issue is that we assumed a 50/50 split. Let's calculate the PAR without assuming a population split.

PAR = (Risk in exposed - Risk in unexposed) / Risk in exposed
PAR = (8 - 1) / 8 = 7/8 = 0.875 or 87.5%

This is close to 89%. Let's consider the formula:
PAR = (Ie - Io) / I
where Ie is incidence in exposed, Io is incidence in unexposed, and I is the total incidence.
If we assume the population is mostly smokers, the total incidence will be closer to 8, and the PAR will be lower. If the population is mostly non-smokers, the total incidence will be closer to 1, and the PAR will be higher.

Given the options, 89% is the closest to our calculated value of 87.5%.

A: 89%
B: 95%
C: 10%
D: 100%

A: 89%

0.8"
Starch is considered to be less cariogenic than monosaccharides and disaccharides because it [Options: A: Does not diffuse through plaque; B: Is rapidly hydrolysed in the mouth; C: Enhances remineralisation; D: Raises the pH in the oral cavity],A: Does not diffuse through plaque,C: Enhances remineralisation,0.85,GlobalMedQA_EN,"Reasoning:
Cariogenicity refers to the ability of a substance to cause tooth decay. Monosaccharides and disaccharides are readily fermented by bacteria in the mouth, producing acids that demineralize tooth enamel. Starch, being a polysaccharide, is a larger molecule. 

Option A: While starch doesn't diffuse as easily, this doesn't directly explain why it's *less* cariogenic. Diffusion is a factor in how readily it reaches bacteria, but not the primary reason for reduced decay potential.

Option B: Rapid hydrolysis would actually *increase* cariogenicity, as it would quickly break down into fermentable sugars.

Option C: Enhancing remineralization would directly counteract the acid production that causes decay, making this a strong contender.

Option D: Raising the pH would also reduce cariogenicity, but starch doesn't inherently raise the pH.

Considering these points, the most logical explanation is that starch promotes remineralization, or at least doesn't contribute to demineralization as much as simple sugars.

C: Enhances remineralisation
0.85"
Drug of choice in postpaum hemorrhage resistant to oxytocin and Ergomterine: [Options: A: Carboprost; B: Dinoprostone; C: Dinoprost; D: Misoprostol],A: Carboprost,A: Carboprost,0.95,GlobalMedQA_EN,"Reasoning:
Postpartum hemorrhage (PPH) resistant to first-line agents like oxytocin and ergotrine (ergometrine) requires second-line uterotonic drugs. Carboprost is a prostaglandin F2alpha analog and is considered the drug of choice in such scenarios due to its potent myometrial contractility. Dinoprostone and Dinoprost are both prostaglandin E2 analogs, and while they can be used for cervical ripening and induction of labor, they are not as effective as carboprost for controlling PPH. Misoprostol is a prostaglandin E1 analog and is useful, but generally considered second-line *after* carboprost or other PGF2alpha analogs. Therefore, carboprost is the most appropriate choice.

A: Carboprost
0.95"
Mostreliable test for screening of diabetes meilitus- [Options: A: Random sugar; B: Fasting sugar; C: Glucose tolerance test; D: Urine sugar],B: Fasting sugar,C: Glucose tolerance test,0.95,GlobalMedQA_EN,"Reasoning:
Diabetes mellitus screening involves assessing how the body processes glucose. While random and fasting sugar tests provide a snapshot of blood glucose levels, they can be affected by recent food intake or other factors. Urine sugar tests are not reliable as they only indicate glucose spilling over into the urine, which happens at higher blood sugar levels and doesn't detect early stages of diabetes. The Glucose Tolerance Test (GTT) is considered the most reliable because it assesses the body's ability to clear glucose over a specific period, providing a more comprehensive picture of glucose metabolism and detecting impaired glucose tolerance.

C: Glucose tolerance test
0.95"
"Appropriate treatment for an acute stable hematoma of the pinna of the ear includes which of the following measures? [Options: A: Ice packs and prophylactic antibiotics; B: Excision of the hematoma; C: Needle aspiration; D: Incision, drainage, and pressure bandage]","D: Incision, drainage, and pressure bandage","D: Incision, drainage, and pressure bandage",0.95,GlobalMedQA_EN,"Reasoning:
An acute stable hematoma of the pinna (ear) requires intervention to prevent cauliflower ear, which is a permanent deformity. Simply applying ice packs and antibiotics (A) won't address the collection of blood causing the hematoma and won't prevent cartilage damage. Excision of the hematoma (B) is not the standard initial treatment; it's too aggressive for a stable hematoma. Needle aspiration (C) can be used for small, recently formed hematomas, but it has a high rate of reaccumulation. Incision, drainage, and a pressure bandage (D) is the gold standard treatment. It removes the blood, prevents reaccumulation with the bandage, and minimizes the risk of cartilage necrosis and subsequent cauliflower ear. Therefore, the most appropriate treatment is incision, drainage, and a pressure bandage.

D: Incision, drainage, and pressure bandage
0.95"
First investigation to be done in a patient with thrombocytopenia: September 2008 [Options: A: Platelet count; B: Bleeding time; C: Prothrombin time; D: aPTT],A: Platelet count,A: Platelet count,1.0,GlobalMedQA_EN,"Reasoning:
Thrombocytopenia refers to a low platelet count. The first step in investigating a patient with suspected thrombocytopenia is to confirm the low platelet count. While bleeding time, prothrombin time, and aPTT are relevant in assessing bleeding disorders, they are not the initial investigation for *thrombocytopenia* itself. You need to *know* the platelet count is low before investigating the cause or consequences of it.

A: Platelet count - This is the direct measurement of the number of platelets, and therefore the first step.
B: Bleeding time - This assesses platelet function, but doesn't confirm thrombocytopenia.
C: Prothrombin time - This assesses the extrinsic pathway of coagulation.
D: aPTT - This assesses the intrinsic pathway of coagulation.

Therefore, the most appropriate first investigation is a platelet count.

A: Platelet count
1.0"
A 23-year-old male college student has a history of liver cirrhosis due to Kimmelstiel-Wilson syndrome (abnormality in copper metabolism). He should be treated with which of the following? [Options: A: Penicillamine as soon as the diagnosis is established; B: Penicillamine after variceal bleeding has occurred; C: A portocaval shunt; D: Sclerosis of the esophageal varices as a prophylactic measure],A: Penicillamine as soon as the diagnosis is established,A: Penicillamine as soon as the diagnosis is established,0.95,GlobalMedQA_EN,"Reasoning:
The patient has liver cirrhosis due to Kimmelstiel-Wilson syndrome, which is a form of Wilson's disease, a genetic disorder causing copper accumulation. The primary treatment for Wilson's disease is to remove excess copper from the body. Penicillamine is a chelating agent used to bind copper and promote its excretion. 

Let's analyze the options:
A: Penicillamine as soon as the diagnosis is established - This is a reasonable approach as early treatment is crucial in Wilson's disease to prevent further liver damage.
B: Penicillamine after variceal bleeding has occurred - While variceal bleeding is a complication of cirrhosis, delaying treatment until this occurs is suboptimal. The underlying copper overload needs to be addressed first.
C: A portocaval shunt - This is a surgical procedure to reduce portal hypertension, a consequence of cirrhosis, but doesn't address the underlying cause (copper accumulation).
D: Sclerosis of the esophageal varices as a prophylactic measure - This treats a symptom (varices) but not the underlying disease.

Therefore, initiating penicillamine treatment as soon as the diagnosis is established is the most appropriate course of action.

A: Penicillamine as soon as the diagnosis is established
0.95"
The nerve supply of Middle ear is from [Options: A: Superior auricular nerve; B: Tympanic branch of glossopharyngeal nerve; C: Pharyngeal branch of glossopharyngeal nerve; D: Great auricular nerve],B: Tympanic branch of glossopharyngeal nerve,B: Tympanic branch of glossopharyngeal nerve,0.95,GlobalMedQA_EN,"Reasoning:
The middle ear is located within the temporal bone. The glossopharyngeal nerve (CN IX) provides sensory innervation to the tympanic cavity and the pharynx. Specifically, the tympanic branch of the glossopharyngeal nerve innervates the middle ear. The superior and great auricular nerves are branches of the vagus nerve (CN X) and innervate the external ear. The pharyngeal branch of the glossopharyngeal nerve innervates the pharynx, not the middle ear. Therefore, the correct answer is the tympanic branch of the glossopharyngeal nerve.

B: Tympanic branch of glossopharyngeal nerve
0.95"
Preformed antibiodies cause [Options: A: Hyperacute rejection; B: Acute rejection; C: Chronic rejection; D: Acute humoral rejection],A: Hyperacute rejection,A: Hyperacute rejection,0.95,GlobalMedQA_EN,"Reasoning:
Preformed antibodies are present in the recipient *before* transplantation. These antibodies recognize antigens on the donor organ's cells and immediately bind to them, activating the complement system and causing rapid vascular damage. This process leads to immediate and severe rejection, which is characteristic of hyperacute rejection. Acute rejection typically occurs days to weeks after transplantation and is mediated by T cells or antibodies developed *after* transplantation. Chronic rejection develops over months to years and involves a complex interplay of immune and non-immune factors. Acute humoral rejection is a type of acute rejection specifically mediated by donor-specific antibodies, but the key here is the *preformed* nature of the antibodies, pointing to hyperacute rejection.

A: Hyperacute rejection
0.95"
Safe period in rhythms method is : (In a female with 28 days menstrual cycle) : [Options: A: Initial 14 days; B: Later 14 days; C: First and last 7 days; D: 10 to 21 days of the cycle],C: First and last 7 days,C: First and last 7 days,0.9,GlobalMedQA_EN,"Reasoning:
The rhythm method relies on identifying the fertile window in a woman's menstrual cycle. Ovulation typically occurs around day 14 in a 28-day cycle. Sperm can survive for several days in the female reproductive tract, and an egg is viable for about 24 hours after ovulation. Therefore, the fertile window extends from a few days *before* ovulation to a day or so *after* ovulation. The ""safe periods"" are those least likely to result in pregnancy.

Option A (Initial 14 days) is incorrect because it includes the time leading up to ovulation, which is part of the fertile window.
Option B (Later 14 days) is incorrect because it includes the time immediately after ovulation, which is also part of the fertile window.
Option C (First and last 7 days) is the most reasonable. The first 7 days are generally considered safe as they are during menstruation and immediately after. The last 7 days are considered safe as they are after the likely time of ovulation.
Option D (10 to 21 days) includes the likely time of ovulation (around day 14) and is therefore not a safe period.

Therefore, the safest periods, based on the rhythm method, are the first and last 7 days of a 28-day cycle.

C: First and last 7 days
0.9"
Dematome of middle finger: [Options: A: C5; B: C6; C: C7; D: C8],C: C7,C: C7,0.95,GlobalMedQA_EN,"Reasoning:
The dermatome map shows the areas of skin innervated by specific spinal nerves. The middle finger is primarily innervated by the C7 nerve root. While there can be some overlap with adjacent dermatomes (C6 and C8), C7 is the primary dermatome for the middle finger.

C7: Middle finger
C6: Thumb and radial side of hand
C8: Little finger and ulnar side of hand
C5: Lateral aspect of the forearm and shoulder

Therefore, the correct answer is C7.

C: C7
0.95"
A 35-year-old female presents with recurrent renal stone. What is not advised? [Options: A: Increase water intake; B: Restrict protein; C: Restrict salt; D: Restrict calcium],D: Restrict calcium,D: Restrict calcium,0.95,GlobalMedQA_EN,"Reasoning:
Recurrent renal stones can be caused by various factors, including dehydration, high protein intake, high salt intake, and certain dietary imbalances. Increasing water intake is generally advised to dilute urine and prevent stone formation. Restricting protein and salt can reduce the excretion of substances that contribute to stone formation, like calcium and oxalate. However, restricting calcium is *not* generally advised, and can even be detrimental. Moderate calcium intake is important for bone health, and severely restricting it can actually *increase* oxalate absorption, which can paradoxically increase the risk of calcium oxalate stones. Therefore, restricting calcium is the least advisable option.

D: Restrict calcium
0.95"
Glucose is absorbed from? [Options: A: Upper pa of PCT; B: Ascending limb of LOH; C: Coical Collecting duct; D: Medullary collecting duct],A: Upper pa of PCT,A: Upper part of PCT,0.95,GlobalMedQA_EN,"Reasoning:
Glucose is a vital nutrient and is typically fully reabsorbed in the proximal convoluted tubule (PCT) of the nephron. The upper part of the PCT is where the majority of glucose reabsorption occurs via SGLT2 transporters. The ascending limb of the loop of Henle primarily reabsorbs sodium, chloride, and potassium. The collecting ducts (both cortical and medullary) are primarily involved in water reabsorption and regulation of electrolyte balance under hormonal control. Therefore, the most accurate answer is the upper part of the PCT.

A: Upper part of PCT
0.95"
Post transplant lymphomaia most commonly associated with: [Options: A: Epstein-Barr virus; B: Cytomegalo virus; C: Herpes simplex; D: HHV-6],A: Epstein-Barr virus,"Post-transplant lymphoproliferative disorder (PTLD) is a significant complication following solid organ transplantation. It's essentially a lymphoma that develops in the setting of immunosuppression. The most common infectious agent strongly linked to PTLD, particularly the extranodal NK/T-cell lymphoma type, is Epstein-Barr virus (EBV). EBV is often present in the recipient prior to transplant, but immunosuppression allows for its reactivation and uncontrolled proliferation, driving lymphomagenesis. While other herpesviruses can contribute to complications post-transplant, EBV has the strongest and most consistent association with PTLD. Cytomegalovirus (CMV) is a common infection post-transplant, but is less directly linked to PTLD development. Herpes simplex virus (HSV) typically causes localized infections. HHV-6 is also common, but not as strongly associated with PTLD as EBV.",,GlobalMedQA_EN,"Reasoning:
Post-transplant lymphoproliferative disorder (PTLD) is a significant complication following solid organ transplantation. It's essentially a lymphoma that develops in the setting of immunosuppression. The most common infectious agent strongly linked to PTLD, particularly the extranodal NK/T-cell lymphoma type, is Epstein-Barr virus (EBV). EBV is often present in the recipient prior to transplant, but immunosuppression allows for its reactivation and uncontrolled proliferation, driving lymphomagenesis. While other herpesviruses can contribute to complications post-transplant, EBV has the strongest and most consistent association with PTLD. Cytomegalovirus (CMV) is a common infection post-transplant, but is less directly linked to PTLD development. Herpes simplex virus (HSV) typically causes localized infections. HHV-6 is also common, but not as strongly associated with PTLD as EBV.

A: Epstein-Barr virus"
"A 58-year-old female presents with a two-month history of intermittent non-bloody diarrhea. She reports that she has been following a raw food diet for six months to help her lose weight. The patient’s medical history is significant for anxiety, treated with fluvoxamine, and osteopenia. She reports her mother has lactose intolerance and has recently been diagnosed with osteoporosis. The patient denies any tobacco or alcohol use. When asked about recent travel, she reports she returned three months ago from a mission trip in Uganda. The patient’s temperature is 99°F (37.2°C), blood pressure is 130/78 mmHg, pulse is 70/min, and respirations are 14/min with an oxygen saturation of 98% O2 on room air. On physical exam, a new-onset systolic ejection murmur is noted and is heard loudest at the left second intercostal space. Which of the following may develop in this patient? [Options: A: Low platelet count; B: Positive hydrogen breath test; C: Decreased levels of chromogranin A; D: Vitamin D deficiency; E: Niacin deficiency]",E: Niacin deficiency,D: Vitamin D deficiency,0.85,GlobalMedQA_EN,"Reasoning:
The patient presents with chronic diarrhea, a raw food diet, recent travel to Uganda, and a new systolic murmur. The raw food diet is a significant clue, as it can lead to nutritional deficiencies. The travel history raises the possibility of parasitic or infectious causes of diarrhea, but the intermittent nature and lack of bloody stools make acute infection less likely. The new systolic murmur suggests possible infective endocarditis, which can occur after travel to endemic areas.

Let's analyze the options:
A: Low platelet count - While possible in some infections (including endocarditis), it's not the most likely consequence given the history.
B: Positive hydrogen breath test - This would suggest lactose intolerance or small intestinal bacterial overgrowth (SIBO). While the mother has lactose intolerance, the patient's symptoms are more consistent with a broader issue, and the raw food diet itself can cause SIBO. However, it's not the most pressing concern.
C: Decreased levels of chromogranin A - This is associated with carcinoid syndrome, which doesn't fit the clinical picture.
D: Vitamin D deficiency - The patient has osteopenia and a history of a raw food diet. Raw food diets are often deficient in Vitamin D, and the mother's osteoporosis further supports this possibility.
E: Niacin deficiency - While possible with a restrictive diet, it's less likely than Vitamin D deficiency given the patient's osteopenia and family history.

Considering the patient's history of a raw food diet, osteopenia, and the mother's osteoporosis, Vitamin D deficiency is the most likely development. The murmur could be related to endocarditis from travel, but the dietary history is more directly linked to a likely complication.

D: Vitamin D deficiency
0.85"
Common carotid artery is palpable at: [Options: A: Upper border of thyroid cartilage; B: Upper border of cricoid cartilage; C: At hyoid bone; D: Lower border of cricoid cartilage],A: Upper border of thyroid cartilage,D: Lower border of cricoid cartilage,0.95,GlobalMedQA_EN,"Reasoning:
The common carotid artery is a major artery in the neck. To locate it through palpation, one needs to find a relatively superficial and accessible location. The thyroid cartilage and cricoid cartilage are important landmarks in the neck, but the common carotid artery isn't directly at their borders. The hyoid bone is deeper and less directly related to the artery's superficial course. The lower border of the cricoid cartilage is where the common carotid artery bifurcates into the internal and external carotid arteries, and it's a common location to palpate the pulse.

Therefore, the most accurate answer is the lower border of the cricoid cartilage.

D: Lower border of cricoid cartilage
0.95"
On radiography widened duodenal 'C' loop with irregular mucosal pattern on upper gastrointestinal barium series is most likely due to: [Options: A: Chronic pancreatitis; B: Carcinoma head of pancreas; C: Duodenal ulcer; D: Duodenal ileus],B: Carcinoma head of pancreas,B: Carcinoma head of pancreas,0.9,GlobalMedQA_EN,"Reasoning:
The question describes radiographic findings of a widened duodenal 'C' loop and an irregular mucosal pattern on an upper GI barium series. Let's analyze each option:

A: Chronic pancreatitis can cause duodenal compression, but typically doesn't present with an *irregular* mucosal pattern. It's more likely to show a smooth, tapered narrowing.
B: Carcinoma of the head of the pancreas frequently obstructs the duodenum, leading to a widened 'C' loop. Importantly, the tumor itself can cause an irregular mucosal pattern due to its infiltrative nature or associated ulceration. This is a strong contender.
C: Duodenal ulcer can cause localized deformity and potentially some irregularity, but usually presents as a niche or filling defect rather than a generalized widened loop and irregular pattern.
D: Duodenal ileus would cause generalized dilation of the duodenum, but not necessarily an irregular mucosal pattern. It's a more diffuse process.

Considering the combination of findings – the widened loop *and* the irregular mucosal pattern – carcinoma of the head of the pancreas is the most likely diagnosis. The irregularity suggests a mass or infiltrating process, which aligns with pancreatic cancer.

B: Carcinoma head of pancreas
0.9"
Metabolic alkalosis leads to? [Options: A: Low potassium; B: High calcium; C: Low I2 trapping by follicular cells; D: High I2 trapping by follicular cells],A: Low potassium,"Therefore, the most direct and common consequence of metabolic alkalosis among the given options is hypokalemia.",,GlobalMedQA_EN,"Reasoning:
Metabolic alkalosis is characterized by an increase in bicarbonate (HCO3-) concentration in the extracellular fluid, leading to an increase in pH. This alkalosis causes several electrolyte disturbances. One key effect is that hypokalemia (low potassium) is commonly seen in metabolic alkalosis. This is because the increased pH promotes the movement of potassium into cells, reducing serum potassium levels.

Calcium levels are not directly affected by metabolic alkalosis in a consistent manner; they can sometimes be decreased due to increased calcium binding to albumin at higher pH, but this isn't a primary or consistent finding.

Iodine trapping by follicular cells is related to thyroid hormone synthesis and is not directly impacted by acid-base balance.

Therefore, the most direct and common consequence of metabolic alkalosis among the given options is hypokalemia.

A: Low potassium"
Which of the following poisoning gives 'Bitter almond smell'? [Options: A: Lead; B: Cyanide; C: Mercury; D: Organophosphorus],B: Cyanide,B: Cyanide,0.95,GlobalMedQA_EN,"Reasoning:
The question asks about a specific symptom – a 'Bitter almond smell' – associated with a particular type of poisoning. Let's analyze each option:

*   **A: Lead:** Lead poisoning typically presents with symptoms like abdominal pain, neurological issues, and anemia. It doesn't have a characteristic smell like bitter almonds.
*   **B: Cyanide:** Cyanide poisoning is well-known for producing a distinctive 'bitter almond' smell in the breath of affected individuals. This is due to the metabolic breakdown of cyanide.
*   **C: Mercury:** Mercury poisoning can cause neurological damage, kidney problems, and gastrointestinal issues, but it doesn't have a bitter almond smell.
*   **D: Organophosphorus:** Organophosphorus poisoning (like from pesticides) causes cholinergic crisis symptoms like SLUDGE (Salivation, Lacrimation, Urination, Defecation, Gastrointestinal upset, Emesis) and doesn't have a bitter almond smell.

Therefore, the correct answer is cyanide.

B: Cyanide
0.95"
Derivative of vitelline vein? [Options: A: IVC; B: SVC; C: Ligamentum venosum; D: Ligamentum teres],A: IVC,A: IVC,0.95,GlobalMedQA_EN,"Reasoning:
The vitelline vein is an embryonic structure that contributes to the formation of several adult veins. The primary derivative of the right vitelline vein is the inferior vena cava (IVC). The left vitelline vein largely regresses, but its remnant forms the ligamentum venosum, which connects the left hepatic vein to the IVC. The superior vena cava (SVC) arises from the anterior cardinal veins. The ligamentum teres is a remnant of the umbilical vein. Therefore, the most direct derivative of the vitelline vein is the IVC.

A: IVC
0.95"
"According to National Health Policy 2002, which of the following is to he eliminated in 2015 - [Options: A: Malaria; B: Yaws; C: Leprosy; D: Filariasis]",D: Filariasis,C: Leprosy,0.9,GlobalMedQA_EN,"Reasoning:
The National Health Policy 2002 aimed to eliminate several diseases by specific timelines. I recall that Leprosy was a major focus of elimination efforts with a target date of 2005, which is close to 2015. While other diseases like Malaria, Filariasis, and Yaws were also addressed, the policy specifically targeted leprosy elimination by 2005. Considering the options and the policy's focus, Leprosy is the most likely answer.

C: Leprosy
0.9"
"A 68-year-old man presents to the physician with fever, cough, weakness, night sweats, and poor appetite for the past 6 months. Medical records suggest that he has lost 7.5 kg (16.5 lb) of weight during this period. There is no history of breathlessness, nasal discharge, nasal obstruction, palpitations, chest pain, or symptoms related to digestion. He was released from prison 9 months ago after serving a 2-year sentence. His temperature is 38.1°C (100.6°F), pulse is 84/min, respirations are 16/min, and blood pressure is 122/80 mm Hg. Physical examination shows hepatomegaly and generalized lymphadenopathy, and auscultation of the chest reveals diffuse crackles throughout the lung fields bilaterally. On direct ophthalmoscopy, three discrete, yellow-colored, 0.5 mm to 1.0 mm lesions with indistinct borders are seen in the posterior pole. A chest X-ray is shown in the image. Tuberculin skin test with purified protein derivative is negative. What is the most likely diagnosis? [Options: A: Sarcoidosis; B: Chronic histoplasmosis; C: Langerhans cell histiocytosis; D: Tuberculosis; E: Bronchoalveolar carcinoma]",D: Tuberculosis,B: Chronic histoplasmosis,0.95,GlobalMedQA_EN,"Reasoning:
The patient presents with a constellation of symptoms suggestive of a chronic infection or malignancy: fever, cough, weakness, night sweats, weight loss (7.5 kg over 6 months), hepatomegaly, generalized lymphadenopathy, and lung crackles. The negative tuberculin skin test makes typical tuberculosis less likely, although it doesn't entirely rule out extrapulmonary TB or anergy. The ophthalmoscopic findings of yellow lesions with indistinct borders are highly suggestive of disseminated histoplasmosis, specifically presumed ocular histoplasmosis syndrome (POHS). The chest X-ray (not provided, but mentioned in the question) would likely show miliary or nodular patterns consistent with disseminated fungal infection.

Sarcoidosis can present with similar symptoms (fever, lymphadenopathy, lung involvement), but the ophthalmoscopic findings are less typical. Langerhans cell histiocytosis is more common in younger individuals and often presents with bone lesions. Bronchoalveolar carcinoma can cause similar respiratory symptoms and weight loss, but the lymphadenopathy and ophthalmoscopic findings are less common.

Given the history of incarceration (which increases risk of exposure to infectious diseases), the chronic symptoms, the negative TB skin test, and the characteristic ophthalmoscopic findings, chronic histoplasmosis is the most likely diagnosis.

B: Chronic histoplasmosis
0.95"
"An obese 37-year-old woman is brought to the emergency department 2 hours after the onset of weakness in her left arm and leg. She fell from the stairs the day prior but did not have any loss of consciousness or nausea after the fall. She travels to Asia regularly on business; her last trip was 4 days ago. She has no history of serious illness. Her only medication is an oral contraceptive. Her temperature is 37.8°C (100°F), pulse is 113/min and regular, and blood pressure is 162/90 mm Hg. Examination shows decreased muscle strength on the left side. Deep tendon reflexes are 4+ on the left. Babinski sign is present on the left. The right lower leg is swollen, erythematous, and tender to palpation. Further evaluation is most likely to show which of the following? [Options: A: Ventricular septal defect; B: Carotid artery dissection; C: Atrial fibrillation; D: Patent foramen ovale; E: Atrial myxoma]",D: Patent foramen ovale,D: Patent foramen ovale,0.9,GlobalMedQA_EN,"Reasoning:
The patient presents with acute onset of left-sided weakness, suggesting a stroke. The physical exam findings of decreased muscle strength, 4+ deep tendon reflexes, and a positive Babinski sign on the left are consistent with an upper motor neuron lesion, further supporting a stroke diagnosis. The elevated blood pressure (162/90 mm Hg) could be a result of the stroke or a contributing factor. The recent travel to Asia raises the possibility of an embolic source, but the right lower leg swelling, erythema, and tenderness point towards a deep vein thrombosis (DVT). A DVT can be a source of a paradoxical embolus, especially if there's a right-to-left shunt.

Let's analyze the options:
A: Ventricular septal defect - While a VSD can cause paradoxical emboli, it's less likely given the acute presentation and other findings.
B: Carotid artery dissection - This could cause a stroke, but doesn't explain the DVT.
C: Atrial fibrillation - Afib is a common cause of stroke, but doesn't explain the DVT.
D: Patent foramen ovale (PFO) - A PFO is a right-to-left shunt that can allow a DVT to cause a paradoxical embolus, leading to a stroke. This fits the clinical picture well.
E: Atrial myxoma - This can cause embolic strokes, but is less common and doesn't explain the DVT.

Considering the combination of stroke symptoms and DVT, a PFO is the most likely finding to explain the situation.

D: Patent foramen ovale
0.9"
"A 34-year-old woman comes to the fertility clinic with her husband for infertility treatment. The couple has been having unprotected intercourse for the past 2 years without any pregnancies. This is their first time seeking fertility treatment. The patient’s past medical history includes asthma. She denies any menstrual irregularities, menstrual pain, abnormal bleeding or past sexually transmitted infections. The husband reports that “he would get sick easily and would always have some upper respiratory infections.” Physical examination of the wife demonstrates nasal polyps bilaterally; vaginal examination is unremarkable. Physical examination of the husband is unremarkable. Semen analysis results are shown below:

Semen analysis:
Volume: 1.9 mL (Normal > 1.5 mL)
pH: 7.4 (Normal: > 7.2)
Sperm concentration: 0 mil/mL (Normal: > 15 mil/mL)
Total sperm count: 0 mil/mL (Normal: > 39 mil/mL)
Total motility: N/A (Normal: > 40%)
Morphology: N/A (Normal: > 4% normal forms)

What is the most likely explanation for this couple’s infertility? [Options: A: Deletion of Phe508 in husband; B: Deletion of Phe508 in wife; C: Undescended testes in husband; D: XO chromosome in wife; E: XXY chromosome in husband]",A: Deletion of Phe508 in husband,E: XXY chromosome in husband,0.85,GlobalMedQA_EN,"Reasoning:
The semen analysis reveals azoospermia (0 sperm concentration and count). This indicates a problem with sperm production or obstruction of the male reproductive tract. Let's analyze the options:

A: Deletion of Phe508 in husband - This is a common mutation in the CFTR gene, causing cystic fibrosis. While CF can cause congenital bilateral absence of the vas deferens (CBAVD), leading to obstructive azoospermia, the husband's history of frequent upper respiratory infections is more suggestive of CF. Nasal polyps in the wife also point towards CF.
B: Deletion of Phe508 in wife - While the wife has nasal polyps, the primary issue is the husband's azoospermia. A CFTR mutation in the wife wouldn't directly cause this.
C: Undescended testes in husband - Undescended testes can cause infertility, but usually wouldn't result in *complete* azoospermia. It's less likely to cause a sperm count of 0.
D: XO chromosome in wife - This is Turner syndrome, which causes primary ovarian insufficiency and infertility in women, but doesn't explain the husband's azoospermia.
E: XXY chromosome in husband - This is Klinefelter syndrome, which can cause testicular failure and reduced sperm production, potentially leading to azoospermia. The husband's history of frequent infections also aligns with Klinefelter syndrome.

Considering the husband's history of frequent respiratory infections, the wife's nasal polyps, and the azoospermia, cystic fibrosis (and the associated CBAVD) or Klinefelter syndrome are the most likely explanations. However, Klinefelter syndrome is more directly linked to azoospermia.

A: CFTR mutations can cause CBAVD, but the wife's symptoms are also relevant.
E: XXY chromosome (Klinefelter syndrome) directly causes testicular failure and azoospermia, and the husband's history of frequent infections is consistent with this.

Therefore, Klinefelter syndrome is the most likely explanation.

E: XXY chromosome in husband
0.85"
Hickey-Hare test is used to diagnose - [Options: A: Congenital pyloric stenosis; B: Duodenal atresia; C: Achlasia cardia; D: Diabetes insipidus],D: Diabetes insipidus,A: Congenital pyloric stenosis,0.95,GlobalMedQA_EN,"Reasoning:
The Hickey-Hare test involves feeding the infant and observing for a palpable olive-shaped mass in the epigastrium. This is a classic sign of congenital pyloric stenosis, where the pylorus (the opening from the stomach to the small intestine) becomes thickened and obstructs the passage of food. Duodenal atresia presents with bilious vomiting, achalasia cardia presents with difficulty swallowing, and diabetes insipidus is a disorder of water balance and doesn't involve a palpable mass. Therefore, the Hickey-Hare test is specifically used to diagnose congenital pyloric stenosis.

A: Congenital pyloric stenosis
0.95"
Granulomatous lung disease is caused by? [Options: A: Hypersensitivity pneumonitis; B: Sarcoma; C: Bronchogenic carcinoma; D: Bronchogenic cyst],A: Hypersensitivity pneumonitis,A: Hypersensitivity pneumonitis,0.9,GlobalMedQA_EN,"Reasoning:
Granulomatous lung disease is characterized by the formation of granulomas, which are small areas of inflammation. These are typically formed in response to infections, foreign bodies, or autoimmune reactions. Let's analyze the options:
A: Hypersensitivity pneumonitis is an inflammatory response to inhaled organic dusts and *can* cause granulomas, making it a plausible answer.
B: Sarcoma is a cancer of connective tissues, and while it can affect the lungs, it doesn't typically present as granulomatous disease.
C: Bronchogenic carcinoma is lung cancer, and while it can cause inflammation, it doesn't directly cause granuloma formation.
D: Bronchogenic cyst is a congenital abnormality and doesn't typically cause granulomatous inflammation.

Considering the options, hypersensitivity pneumonitis is the most directly linked to granuloma formation as a key pathological feature.

A: Hypersensitivity pneumonitis
0.9"
"A 30 year old male patient presents with bleeding per rectum.
He complains of Hemorrhoids which are reduced spontaneously.
Treatment of choice Is [Options: A: Open hemorroidectomy; B: Sitz bath; C: Sclerotherapy; D: Stapled hemorroidopexy]",C: Sclerotherapy,B: Sitz bath,0.95,GlobalMedQA_EN,"Reasoning:
The patient is a 30-year-old male with bleeding per rectum due to hemorrhoids that reduce spontaneously. This suggests internal hemorrhoids, likely of a lower grade (I or II) since they reduce on their own. Open hemorrhoidectomy is typically reserved for larger, more complex hemorrhoids or those that haven't responded to less invasive treatments. Sclerotherapy is used for bleeding internal hemorrhoids, but is generally not first-line for initial presentation. Stapled hemorrhoidopexy is more appropriate for prolapsing internal hemorrhoids (grade III or IV). Given the hemorrhoids reduce spontaneously, a conservative approach is most appropriate initially. Sitz baths provide symptomatic relief and promote healing. Therefore, a Sitz bath is the most appropriate initial treatment.

B: Sitz bath
0.95"
"Food poisoning after 1-5 hours of consumption of ice cream, causative organism is [Options: A: Staphylococcus aureus; B: Bacillus cereus; C: Salmonella; D: Vibrio parahemolyticus]",A: Staphylococcus aureus,A: Staphylococcus aureus,0.9,GlobalMedQA_EN,"Reasoning:
The question describes food poisoning with a short incubation period of 1-5 hours after consuming ice cream. Let's analyze each option:

*   **Staphylococcus aureus:** This bacteria produces a heat-stable toxin, meaning it's not destroyed by cooking. Symptoms typically appear quickly, within 30 minutes to 8 hours, making it a strong candidate for ice cream-related food poisoning.
*   **Bacillus cereus:** This can cause two types of food poisoning: emetic (vomiting) with a short incubation period (30 min - 6 hours) and diarrheal (longer incubation period, 6-15 hours). Ice cream is a potential vehicle for *B. cereus* emetic toxin.
*   **Salmonella:** Typically has a longer incubation period, usually 12-72 hours. Less likely with a 1-5 hour onset.
*   **Vibrio parahemolyticus:** Usually associated with seafood and has an incubation period of 4-48 hours. Not typical for ice cream.

Considering the short incubation period (1-5 hours) and the food source (ice cream), *Staphylococcus aureus* and *Bacillus cereus* are the most likely culprits. *Staphylococcus aureus* is more commonly associated with foods handled and left at room temperature, which is a common scenario for ice cream contamination. *Bacillus cereus* is also possible, but *Staphylococcus aureus* is a more classic association with rapid-onset food poisoning from dairy products.

A: Staphylococcus aureus
0.9"
Spontaneously regressing tumours are [Options: A: Malignant melanoma; B: Neuroblastoma; C: Ewing's sarcoma; D: Wilm's tumour],A: Malignant melanoma,B: Neuroblastoma,0.95,GlobalMedQA_EN,"Reasoning:
Spontaneous regression of tumors is a rare phenomenon where a cancer shrinks or disappears without treatment. Certain cancers are more prone to this than others. Neuroblastoma, particularly in young children, is known to have a relatively higher rate of spontaneous regression compared to other cancers. This is thought to be related to the tumor's sensitivity to the immune system and its often immature state. Malignant melanoma, Ewing's sarcoma, and Wilm's tumor are less frequently associated with spontaneous regression.

B: Neuroblastoma
0.95"
A young female presents with diminished pulses in the upper limb and hypeension. The most likely diagnosis is: [Options: A: Takayasu Aeritis; B: Coarctation of Aoa; C: Giant Cell Aeritis; D: Polyaeritis Nodosa],A: Takayasu Aeritis,A: Takayasu Arteritis,0.85,GlobalMedQA_EN,"Reasoning:
The key clinical findings are diminished pulses in an upper limb and hypertension. Let's analyze each option:

A: Takayasu Arteritis - This is a large vessel vasculitis that affects the aorta and its major branches. It can cause diminished pulses and blood pressure differences between limbs, and can present in young women. Hypertension can be a feature, especially early in the disease. This is a strong contender.

B: Coarctation of the Aorta - This is a congenital narrowing of the aorta, typically distal to the left subclavian artery. It classically presents with hypertension in the upper extremities and diminished or delayed pulses in the lower extremities. While it causes hypertension, the pulse findings are usually *lower* extremity issues, not upper.

C: Giant Cell Arteritis - This primarily affects the temporal artery and other cranial vessels. It typically presents with headache, jaw claudication, and visual disturbances. It doesn't usually cause diminished pulses in the upper limb or hypertension as a primary feature.

D: Polyarteritis Nodosa - This is a systemic vasculitis affecting medium-sized arteries. It can cause a variety of symptoms depending on the organs involved, but diminished upper limb pulses and hypertension are not typical presenting features.

Considering the presentation of diminished pulses in the upper limb *and* hypertension, Takayasu Arteritis is the most likely diagnosis. Coarctation of the aorta is less likely given the upper limb pulse findings.

A: Takayasu Arteritis
0.85"
Modified biophysical profile includes: [Options: A: Fetal tone and breathing; B: Fetal movements and tone; C: NST an AFI; D: API],C: NST an AFI,C: NST an AFI,0.95,GlobalMedQA_EN,"Reasoning:
The biophysical profile (BPP) is a non-invasive prenatal test used to assess fetal well-being. It traditionally includes four factors: fetal heart rate, fetal breathing movements, fetal body movements, and fetal tone. A modified biophysical profile (mBPP) simplifies this by combining non-stress test (NST) results with amniotic fluid index (AFI). The NST assesses fetal heart rate, and the AFI measures the amount of amniotic fluid, providing information about fetal well-being. Options A and B describe components of the *full* biophysical profile, not the modified one. Option D, API, is not a standard term in fetal monitoring. Therefore, the correct answer is C.

C: NST an AFI
0.95"
Yuzpe method is a type of : [Options: A: Post -- coital hormonal contraception; B: Male contraceptive method; C: Post -- coital IUCD contraception; D: Minilap sterilization],A: Post -- coital hormonal contraception,A: Post -- coital hormonal contraception,1.0,GlobalMedQA_EN,"Reasoning:
The Yuzpe method involves taking high doses of estrogen and progestin after unprotected sex to prevent pregnancy. This aligns with the definition of emergency contraception, which is a form of post-coital contraception. Let's analyze the options:
A: Post -- coital hormonal contraception - This seems to fit the description of the Yuzpe method.
B: Male contraceptive method - The Yuzpe method is used by females.
C: Post -- coital IUCD contraception - This refers to inserting an IUD after intercourse, which is different from the Yuzpe method.
D: Minilap sterilization - This is a surgical procedure for permanent contraception, not a post-coital method.

Therefore, the Yuzpe method is a type of post-coital hormonal contraception.

A: Post -- coital hormonal contraception
1.0"
The commonest cause of intestinal obstruction and abdominal pain in children between 3 months to 6 years of age: [Options: A: Intussusception; B: Meckel's diverticulum; C: Intestinal polyp; D: Nonspecific cause],A: Intussusception,A: Intussusception,0.95,GlobalMedQA_EN,"Reasoning:
Intestinal obstruction and abdominal pain in children, particularly in the 3 months to 6 years age group, have a few common causes. Meckel's diverticulum can cause bleeding and obstruction, but it's less common than other causes. Intestinal polyps are rare in this age group. Nonspecific causes are a diagnosis of exclusion. Intussusception, where one part of the intestine telescopes into another, is the *most* common cause of intestinal obstruction in this age range, often presenting with characteristic symptoms like currant jelly stools and intermittent, severe abdominal pain.

A: Intussusception
0.95"
Foot eversion is caused by [Options: A: Extensor digitorum; B: Peroneus longus; C: Tibialis anterior; D: Tibialis posterior],B: Peroneus longus,B: Peroneus longus,0.95,GlobalMedQA_EN,"Reasoning:
Foot eversion refers to the outward rolling of the foot, where the sole of the foot moves laterally. To determine the muscle responsible, we need to consider the actions of each muscle listed.

A: Extensor digitorum primarily extends the toes and dorsiflexes the foot (lifts the foot up). It doesn't directly cause eversion.
B: Peroneus longus is a key muscle in everting the foot. It runs along the lateral side of the leg and attaches to the outer side of the foot, pulling the foot outward.
C: Tibialis anterior dorsiflexes and inverts the foot (turns the sole inward). It opposes eversion.
D: Tibialis posterior supports the arch of the foot and inverts and plantarflexes the foot. It also doesn't directly cause eversion.

Therefore, the Peroneus longus is the muscle most directly responsible for foot eversion.

B: Peroneus longus
0.95"
Risk factors for preeclampsia:a) Chronic hypertenstionb) Obesityc) Placental ischaemiad) Multigravidae) Antiphospholipid syndrome [Options: A: acd; B: ace; C: cde; D: ade],B: ace,"Therefore, the most accurate combination of risk factors is a, c, d, and e. Looking at the options, 'acd' includes chronic hypertension, placental ischaemia, and antiphospholipid syndrome. 'ace' includes chronic hypertension, placental ischaemia, and antiphospholipid syndrome. 'cde' includes placental ischaemia, multigravidae, and antiphospholipid syndrome. 'ade' includes chronic hypertension, placental ischaemia, and antiphospholipid syndrome. Since multigravidae is the least strong risk factor, the best answer is the one that includes the strongest risk factors. Options A, B, and D all include the same three risk factors, but option A is the only one that includes all three.",,GlobalMedQA_EN,"Reasoning:
Preeclampsia is a pregnancy complication characterized by high blood pressure and signs of damage to another organ system. Let's analyze each risk factor:

a) Chronic hypertension: Existing high blood pressure is a significant risk factor for developing preeclampsia.
b) Obesity: Obesity is associated with increased risk of various pregnancy complications, including preeclampsia.
c) Placental ischaemia: Reduced blood flow to the placenta (ischaemia) is strongly linked to preeclampsia, as it's thought to be a key initiating factor.
d) Multigravidae: Being pregnant for the first time (primigravida) is a risk factor, but having multiple pregnancies (multigravidae) is *less* of a risk factor than being a first-time mother. While not protective, it's not a primary risk factor like the others.
e) Antiphospholipid syndrome: This autoimmune disorder is known to increase the risk of preeclampsia.

Therefore, the most accurate combination of risk factors is a, c, d, and e. Looking at the options, 'acd' includes chronic hypertension, placental ischaemia, and antiphospholipid syndrome. 'ace' includes chronic hypertension, placental ischaemia, and antiphospholipid syndrome. 'cde' includes placental ischaemia, multigravidae, and antiphospholipid syndrome. 'ade' includes chronic hypertension, placental ischaemia, and antiphospholipid syndrome. Since multigravidae is the least strong risk factor, the best answer is the one that includes the strongest risk factors. Options A, B, and D all include the same three risk factors, but option A is the only one that includes all three.

A: acd"
A 65-year-old woman comes to the physician for a 18-month history of gradual enlargement of her fingertips and a 2-month history of a hoarse voice. She has had decreased appetite after a respiratory tract infection 3 months ago and a 8-kg (17.6-lb) weight loss during this period. The patient has never smoked. She was diagnosed with obstructive sleep apnea 10 years ago and uses a CPAP mask at night. She retired from her job as an administrative assistant at a local college 5 years ago. She appears tired. Her vital signs are within normal limits. Physical examination shows increased convexity of the nail fold and painful swelling of the soft tissue of her fingers and ankles. There is no discoloration of her lips and oral mucosa. There is faint wheezing in the right upper lung field. This patient's condition is most likely associated with which of the following findings? [Options: A: Increased serum ADH; B: Miosis; C: Increased serum ACE; D: Reticular opacities on chest x-ray; E: Peripheral cyanosis],B: Miosis,D: Reticular opacities on chest x-ray,0.85,GlobalMedQA_EN,"Reasoning:
The patient presents with gradual enlargement of fingertips (clubbing), a hoarse voice, weight loss, and painful swelling of fingers and ankles. The history of obstructive sleep apnea is also relevant. These symptoms point towards a possible malignancy, specifically lung cancer, even though she has no smoking history. Clubbing is strongly associated with lung cancer, as is weight loss and hoarseness (possible vocal cord involvement). The wheezing could also be related to a lung mass.

Let's analyze the options:
A: Increased serum ADH - ADH is associated with SIADH, which can occur with some cancers, but doesn't explain the clubbing or finger swelling.
B: Miosis - Miosis (pupillary constriction) is associated with opioid use or Horner's syndrome, not this clinical picture.
C: Increased serum ACE - Increased ACE is characteristic of sarcoidosis, which *can* cause lung involvement and sometimes clubbing, but the overall presentation is less typical than lung cancer.
D: Reticular opacities on chest x-ray - Reticular opacities are seen in interstitial lung disease, which could be caused by sarcoidosis or other conditions, but doesn't directly explain the clubbing and finger swelling.
E: Peripheral cyanosis - Peripheral cyanosis suggests poor perfusion, which isn't the primary issue here.

Considering the strong association between clubbing and lung cancer, and the other supporting symptoms, the most likely finding would be something related to the underlying malignancy. While ACE could be elevated in sarcoidosis, lung cancer is more common and better explains the constellation of symptoms. A chest x-ray would likely reveal a mass or other abnormalities consistent with lung cancer, potentially showing reticular opacities if there's associated interstitial involvement, but the primary finding would be related to the tumor itself.

Therefore, the most likely associated finding is reticular opacities on chest x-ray, as this is a common finding in lung cancer.

D: Reticular opacities on chest x-ray
0.85"
HIAA is a metabolite of: [Options: A: Serotonin; B: Dopamine; C: Epinophrine; D: Histamine],A: Serotonin,A: 5-hydroxyindoleacetic acid (HIAA),0.95,GlobalMedQA_EN,"Reasoning:
HIAA stands for 5-hydroxyindoleacetic acid. This is the major metabolite of serotonin. Serotonin is broken down into 5-hydroxyindoleacetaldehyde, which is then further metabolized into HIAA. Dopamine is metabolized into HVA (homovanillic acid), epinephrine into metanephrines and normetanephrines, and histamine into N-methylimidazoleacetic acid. Therefore, HIAA is specifically associated with serotonin metabolism.

A: 5-hydroxyindoleacetic acid (HIAA)
0.95"
Which of the following interactions does not cause film fog? [Options: A: Coherent scattering; B: Transient scattering; C: Photoelectric absorption; D: Compton scattering],C: Photoelectric absorption,"Comparing these, coherent scattering is the least likely to cause film fog because it doesn't involve energy transfer sufficient to expose the film.",,GlobalMedQA_EN,"Reasoning:
Film fog refers to unwanted density or darkening of a photographic film or image, caused by exposure to radiation other than the intended image-forming radiation. Let's analyze each option:

A: Coherent scattering (Rayleigh scattering) involves low-energy photons that change direction without losing energy. While it contributes to image blur, it doesn't typically cause significant film fog because the energy is not sufficient to create silver halide grains.

B: Transient scattering (fluorescence) involves absorption of energy followed by re-emission at a longer wavelength. This *can* contribute to fog as the re-emitted photons can expose the film.

C: Photoelectric absorption involves a photon transferring all its energy to an electron, ejecting it from an atom. This is a primary mechanism for image formation, but also contributes to fog if it occurs in areas not intended to be exposed.

D: Compton scattering involves a photon losing some of its energy to an electron, resulting in a lower-energy photon and a recoiling electron. This scattered radiation *can* expose the film and cause fog.

Comparing these, coherent scattering is the least likely to cause film fog because it doesn't involve energy transfer sufficient to expose the film.

A: Coherent scattering"
Life span of Cu-T- 380A [Options: A: 10 years; B: 20 years; C: 1 years; D: 5 years],A: 10 years,A: 10 years,0.95,GlobalMedQA_EN,"Reasoning:
The Cu-T-380A is a type of intrauterine device (IUD) used for contraception. IUDs are designed to be long-acting reversible contraceptives. Copper IUDs, like the Cu-T-380A, generally have a lifespan of 10 years or more. Considering the options provided, 10 years is the most appropriate lifespan for this device.

A: 10 years
0.95"
Hemolytic Uremic Syndrome is characterized by -a) Microangiopathic haemolytic anaemiab) ↓ed LDHc) Thrombocytopeniad) Renal failuree) Positive Coomb's test [Options: A: abc; B: ad; C: acd; D: bde],C: acd,C: acd,0.95,GlobalMedQA_EN,"Reasoning:
Hemolytic Uremic Syndrome (HUS) is a condition characterized by a triad of features: hemolytic anemia, thrombocytopenia, and acute kidney injury (renal failure). Let's analyze the options:

a) Microangiopathic hemolytic anemia: This is a key feature of HUS, as the small blood vessels are damaged, leading to red blood cell fragmentation.
b) ↓ed LDH: Lactate dehydrogenase (LDH) is released when red blood cells are destroyed, so it's elevated in hemolytic anemia, not decreased. Thus, this is incorrect.
c) Thrombocytopenia: Low platelet count is a hallmark of HUS due to platelet consumption in the damaged microvasculature.
d) Renal failure: Acute kidney injury/renal failure is a critical component of HUS.
e) Positive Coomb's test: A positive Coomb's test indicates autoimmune hemolytic anemia, which is not the primary mechanism in typical HUS.

Therefore, the correct combination is microangiopathic hemolytic anemia, thrombocytopenia, and renal failure (a, c, d).

A: abc
B: ad
C: acd
D: bde

The correct answer is C: acd.

C: acd
0.95"
Incubation period of Hepatitis B virus [Options: A: 8-10 days; B: 30-180 days; C: 1 year; D: 2 years],B: 30-180 days,B: 30-180 days,0.95,GlobalMedQA_EN,"Reasoning:
Hepatitis B is a viral infection known for having a relatively long incubation period compared to other acute viral infections. Options A (8-10 days) is too short, as this is more typical of infections like influenza. Option C (1 year) and D (2 years) are far too long for an incubation period; these timeframes are more associated with chronic disease development, not the initial time between infection and symptom onset. Option B (30-180 days) aligns with the established medical understanding of the Hepatitis B incubation period.

B: 30-180 days
0.95"
Which of the following is most impoant molecule for antioxidant pathway in lens? [Options: A: Glutathione; B: Superoxide dismutase; C: Catalase; D: Vitamin C],A: Glutathione,"Considering the lens's specific needs and the central role of a molecule that both directly scavenges radicals and participates in enzymatic detoxification, glutathione is the most important. While SOD and catalase are important enzymes in the antioxidant pathway, they are not as central as glutathione, which is present at higher concentrations and has a broader range of functions. Vitamin C is helpful but not as crucial as glutathione within the lens.",,GlobalMedQA_EN,"Reasoning:
The lens of the eye is particularly susceptible to oxidative stress due to its high metabolic rate and constant exposure to light. Antioxidant pathways are crucial for protecting the lens from damage. Let's analyze each option:

A: Glutathione (GSH) is a major intracellular antioxidant and plays a critical role in detoxifying reactive oxygen species (ROS) in the lens. It directly scavenges radicals and is a substrate for glutathione peroxidase.
B: Superoxide dismutase (SOD) is an important enzyme that catalyzes the dismutation of superoxide radicals into hydrogen peroxide. While important, it produces hydrogen peroxide, which then needs to be further processed.
C: Catalase is an enzyme that breaks down hydrogen peroxide into water and oxygen. It works downstream of SOD, dealing with the product of SOD activity.
D: Vitamin C (ascorbic acid) is a water-soluble antioxidant that can scavenge radicals, but its concentration in the lens is relatively low compared to glutathione.

Considering the lens's specific needs and the central role of a molecule that both directly scavenges radicals and participates in enzymatic detoxification, glutathione is the most important. While SOD and catalase are important enzymes in the antioxidant pathway, they are not as central as glutathione, which is present at higher concentrations and has a broader range of functions. Vitamin C is helpful but not as crucial as glutathione within the lens.

A: Glutathione"
A patient presented with contralateral hemiplegia and sub-periosteal bleeding. Which of the following will be the initial investigation of choice? [Options: A: Chest x-ray; B: CT-scan; C: MRI; D: PET - scan],B: CT-scan,B: CT-scan,0.95,GlobalMedQA_EN,"Reasoning:
The patient presents with contralateral hemiplegia (weakness on one side of the body, opposite to the side of the brain lesion) and sub-periosteal bleeding (bleeding under the periosteum, often indicating a skull fracture or other head trauma). These symptoms strongly suggest an intracranial event, likely involving bleeding.

Let's analyze the options:
A: Chest x-ray - This is unlikely to be helpful in diagnosing the cause of hemiplegia and sub-periosteal bleeding. It's useful for pulmonary issues.
B: CT-scan - CT scans are excellent for quickly identifying acute bleeding in the brain and skull fractures. Given the sub-periosteal bleeding, a fracture is a strong possibility, and CT is fast and readily available.
C: MRI - MRI is more sensitive for detecting subtle brain abnormalities, but it takes longer to perform than a CT scan and is not the first choice in acute settings, especially when bleeding is suspected.
D: PET-scan - PET scans are used for metabolic activity and are not useful for acute bleeding or fractures.

Considering the need for a rapid assessment of potential intracranial hemorrhage and skull fracture, a CT scan is the most appropriate initial investigation.

B: CT-scan
0.95"
Pacemaker cells of respiration are located in [Options: A: Pneumotaxic centre; B: Apneustic centre; C: Dorsal Respiratory Group; D: Pre - Botzinger complex],D: Pre - Botzinger complex,D: Pre - Botzinger complex,0.95,GlobalMedQA_EN,"Reasoning:
The question asks about pacemaker cells of respiration. Pacemaker cells are responsible for initiating and maintaining rhythmic activity. Let's analyze the options:

A: Pneumotaxic centre - This centre primarily limits inspiration, it doesn't initiate the respiratory rhythm.
B: Apneustic centre - This centre prolongs inspiration, but isn't the primary pacemaker.
C: Dorsal Respiratory Group (DRG) - This group primarily controls inspiration, but its activity is modulated by other areas. It's not considered the primary pacemaker.
D: Pre-Botzinger complex - This complex is a crucial component of the ventral respiratory group and is widely accepted as the primary rhythm generator or pacemaker for breathing. It contains neurons with intrinsic bursting properties that drive respiratory rhythm.

Therefore, the Pre-Botzinger complex is the most accurate answer.

D: Pre - Botzinger complex
0.95"
Drug of choice for treatment of acute organophosphate poisoning is: [Options: A: Atropine; B: Pralidoxime; C: Neostigmine; D: d–Tubocurarine],A: Atropine,B: Pralidoxime,0.95,GlobalMedQA_EN,"Reasoning:
Organophosphate poisoning inhibits acetylcholinesterase, leading to an accumulation of acetylcholine at cholinergic synapses. This causes a cholinergic crisis with symptoms like SLUDGE (Salivation, Lacrimation, Urination, Defecation, Gastrointestinal upset, and Emesis).

Atropine is an anticholinergic drug that blocks the effects of acetylcholine at muscarinic receptors, thus counteracting the SLUDGE symptoms. It's used to manage the initial symptoms.

Pralidoxime (2-PAM) is a cholinesterase reactivator. It works by breaking the bond between the organophosphate and acetylcholinesterase, restoring enzyme function. It's most effective when given soon after exposure.

Neostigmine is an acetylcholinesterase inhibitor, and would *worsen* organophosphate poisoning.

d–Tubocurarine is a neuromuscular blocking agent and doesn't address the underlying cholinergic crisis.

Therefore, both Atropine and Pralidoxime are used, but Pralidoxime addresses the root cause by reactivating the enzyme. While Atropine manages symptoms, Pralidoxime aims to reverse the poisoning. Pralidoxime is considered the drug of choice, especially when administered early.

B: Pralidoxime
0.95"
Grey Turner sign is seen in: [Options: A: A/c pancreatitis; B: C/c pancreatitis; C: A/c cholecystitis; D: A/c parotitis],A: A/c pancreatitis,A: A/c pancreatitis,0.95,GlobalMedQA_EN,"Reasoning:
The Grey Turner sign is a clinical sign of retroperitoneal hemorrhage, specifically bruising of the flanks. This is most commonly associated with severe acute pancreatitis, particularly necrotizing pancreatitis. While it can occur in other conditions causing retroperitoneal bleeding, acute pancreatitis is the most frequent cause. Among the options, acute pancreatitis (A/c pancreatitis) is the most likely to cause this sign. Chronic pancreatitis (C/c pancreatitis) is less likely to present with this acute finding. Cholecystitis and parotitis are not associated with retroperitoneal hemorrhage.

A: A/c pancreatitis
0.95"
Cherry red spot and Hollenhorst plaque are seen in: [Options: A: CRAO; B: CRVO; C: Branch RAO; D: Branch RVO],A: CRAO,A: CRAO,0.8,GlobalMedQA_EN,"Reasoning:
Cherry red spots are typically seen in retinal artery occlusions due to selective ischemia of the outer retinal layers. Hollenhorst plaques are cholesterol emboli that lodge in retinal arteries, also indicating an arterial occlusion. Considering the options:
A: CRAO (Central Retinal Artery Occlusion) - This is a likely candidate as it involves a major artery and can cause both findings.
B: CRVO (Central Retinal Vein Occlusion) - This is a venous issue and wouldn't typically present with Hollenhorst plaques or cherry red spots in the same way.
C: Branch RAO (Branch Retinal Artery Occlusion) - This is also a possibility, as a branch artery can be blocked by a Hollenhorst plaque and cause a localized cherry red spot.
D: Branch RVO (Branch Retinal Vein Occlusion) - Similar to CRVO, this is a venous issue.

Both CRAO and Branch RAO are possible, but CRAO is more classically associated with a widespread cherry red spot, while Hollenhorst plaques can occur in either. Given the combination of both findings, CRAO is the more encompassing and typical presentation.

A: CRAO
0.8"
Gastric motility decreases in - [Options: A: Diabetes; B: Upper abdominal surgery; C: Head injury; D: Hypothyroid],D: Hypothyroid,"Comparing the options, diabetes and hypothyroidism are both strongly associated with decreased gastric motility. However, diabetes specifically causes gastroparesis, a condition *defined* by delayed gastric emptying and decreased motility. Hypothyroidism causes a more general slowing of GI function. While head injury and surgery can cause temporary decreases, they aren't as consistently linked to chronic decreased motility as diabetes or hypothyroidism. Between diabetes and hypothyroidism, diabetes is more directly and commonly associated with significant and persistent decreases in gastric motility.",,GlobalMedQA_EN,"Reasoning:
Gastric motility refers to the movement of the stomach muscles that mix and move food through the digestive system. Several conditions can affect this process. Let's analyze each option:

A: Diabetes - Diabetes can cause gastroparesis, a condition where the stomach empties too slowly, indicating decreased motility. This is a well-known complication of diabetes, particularly long-standing or poorly controlled diabetes, due to damage to the vagus nerve.
B: Upper abdominal surgery - Surgery can temporarily decrease gastric motility due to the effects of anesthesia and the physical disruption of the digestive tract. However, this is usually a temporary effect.
C: Head injury - Head injuries can affect the vagus nerve, which controls gastric motility, potentially leading to decreased motility.
D: Hypothyroid - Hypothyroidism is known to slow down many bodily functions, including gastrointestinal motility. This results in constipation and slowed gastric emptying.

Comparing the options, diabetes and hypothyroidism are both strongly associated with decreased gastric motility. However, diabetes specifically causes gastroparesis, a condition *defined* by delayed gastric emptying and decreased motility. Hypothyroidism causes a more general slowing of GI function. While head injury and surgery can cause temporary decreases, they aren't as consistently linked to chronic decreased motility as diabetes or hypothyroidism. Between diabetes and hypothyroidism, diabetes is more directly and commonly associated with significant and persistent decreases in gastric motility.

A: Diabetes"
"A 58-year-old female presents to her primary care physician with a 1-month history of facial and chest flushing, as well as intermittent diarrhea and occasional difficulty breathing. On physical exam, a new-onset systolic ejection murmur is auscultated and is loudest at the left second intercostal space. Subsequent echocardiography reveals leaflet thickening secondary to fibrous plaque deposition on both the pulmonic and tricuspid valves. Which of the following laboratory abnormalities would most likely in this patient? [Options: A: Decreased serum chromogranin A; B: Elevated serum bicarbonate; C: Elevated urinary vanillylmandelic acid; D: Elevated serum potassium; E: Elevated urinary 5-hydroxyindoleacetic acid]",E: Elevated urinary 5-hydroxyindoleacetic acid,E: Elevated urinary 5-hydroxyindoleacetic acid,0.95,GlobalMedQA_EN,"Reasoning:
The patient's presentation – facial and chest flushing, diarrhea, dyspnea, and a new systolic ejection murmur loudest at the left second intercostal space – strongly suggests carcinoid syndrome. The echocardiography findings of fibrous plaque deposition on the pulmonic and tricuspid valves are characteristic of carcinoid heart disease, a complication of long-standing carcinoid syndrome. Carcinoid syndrome is caused by neuroendocrine tumors (typically in the gastrointestinal tract) that secrete serotonin.

Let's analyze the options:
A: Decreased serum chromogranin A - Chromogranin A is a marker of neuroendocrine tumor burden and would be *elevated*, not decreased, in carcinoid syndrome.
B: Elevated serum bicarbonate - While carcinoid tumors can sometimes cause metabolic alkalosis (leading to elevated bicarbonate), this is not the *most* likely finding. The flushing and diarrhea are more directly linked to serotonin's effects.
C: Elevated urinary vanillylmandelic acid (VMA) - VMA is a metabolite of catecholamines (epinephrine and norepinephrine) and is associated with pheochromocytoma, not carcinoid syndrome.
D: Elevated serum potassium - Carcinoid syndrome is not typically associated with hyperkalemia. Diarrhea can sometimes cause hypokalemia.
E: Elevated urinary 5-hydroxyindoleacetic acid (5-HIAA) - 5-HIAA is a metabolite of serotonin. In carcinoid syndrome, the tumor produces large amounts of serotonin, which is then metabolized to 5-HIAA and excreted in the urine. Therefore, elevated urinary 5-HIAA is the most likely laboratory abnormality.

Therefore, the most likely laboratory abnormality is elevated urinary 5-HIAA.

E: Elevated urinary 5-hydroxyindoleacetic acid
0.95"
Jaw tightness in proximal temporal arteries.diagnosis - [Options: A: PAN; B: Coarctation of aorta; C: Giant cell arteritis; D: Wegner's granulomatosis],C: Giant cell arteritis,C: Giant cell arteritis,0.95,GlobalMedQA_EN,"Reasoning:
The question describes jaw tightness and involvement of the proximal temporal arteries. This clinical presentation is highly suggestive of Giant Cell Arteritis (GCA), also known as temporal arteritis. GCA is an inflammatory condition affecting large and medium-sized arteries, with a predilection for the temporal arteries. Jaw claudication (pain with chewing) is a classic symptom, stemming from ischemia to the jaw muscles due to inflammation of the temporal arteries.

Let's consider the other options:
*   **PAN (Polyarteritis Nodosa):** While PAN is a systemic vasculitis, it doesn't typically present with isolated temporal artery involvement and jaw claudication.
*   **Coarctation of aorta:** This is a congenital narrowing of the aorta and would present with differences in blood pressure between upper and lower extremities, not jaw tightness.
*   **Wegner's granulomatosis (now Granulomatosis with Polyangiitis):** This affects small to medium-sized vessels and commonly involves the respiratory tract and kidneys, not primarily the temporal arteries.

Therefore, Giant Cell Arteritis is the most likely diagnosis given the described symptoms.

C: Giant cell arteritis
0.95"
'Glassblowers shakes' are seen in poisoning due to [Options: A: Lead; B: Copper; C: Mercury; D: Arsenic],C: Mercury,C: Mercury,0.95,GlobalMedQA_EN,"Reasoning:
""Glassblowers shakes"" is a historical term for tremors observed in glassblowers, which were eventually linked to mercury exposure. Mercury was used in the gold extraction process from cinnabar ore, and glassblowers would often use retorts coated with mercury to heat the cinnabar. The mercury vapors would then be inhaled, leading to neurological damage and tremors. While lead, copper, and arsenic can also cause health problems, the specific ""glassblowers shakes"" are classically associated with mercury poisoning.

C: Mercury
0.95"
"A 51-year-old woman goes to respiratory function testing in order to evaluate her shortness of breath. She recently joined a walking program with her friends in order to lose weight; however, she noticed that she was not able to keep up with her friends during the program. She has a 60-pack-year history of smoking as well as hypertension well-controlled on medication. The following represent the parameters for this patient's respiratory anatomy and function:

Vital capacity (VC): 5,000 mL
Inspiratory reserve volume (IRV): 2,500 mL
Functional reserve capacity (FRC): 2,700 mL
Residual volume (RV): 1,000 mL
Upper airway volume: 100 mL
Conducting airway volume: 125 mL

Inspired CO2 pressure (PiCO2): 1 mmHg
Arterial CO2 pressure (PaCO2): 50 mmHg
Expired CO2 pressure (PeCO2): 20 mmHg

Which of the following best represents the total volume of gas in this patient's airways and lungs that does not participate in gas exchange? [Options: A: 225 mL; B: 480 mL; C: 600 mL; D: 800 mL; E: 1200 mL]",B: 480 mL,"Therefore, the total volume of gas that does not participate in gas exchange is 125 mL + 100 mL = 225 mL.",,GlobalMedQA_EN,"Reasoning:
The question asks for the total volume of gas in the airways and lungs that does *not* participate in gas exchange. This refers to the anatomical dead space. Anatomical dead space is the volume of the conducting airways plus the alveolar dead space. In this case, we are given the conducting airway volume (125 mL) and the upper airway volume (100 mL). The anatomical dead space is the sum of these two volumes. The residual volume, functional residual capacity, vital capacity, and inspiratory reserve volume are all related to gas exchange and are not part of the anatomical dead space. The CO2 pressures are not relevant to calculating anatomical dead space.

Therefore, the total volume of gas that does not participate in gas exchange is 125 mL + 100 mL = 225 mL.

A: 225 mL"
Earliest sign of raised intracranial tension is in skull X-ray of infants is: [Options: A: Sutural diastasis; B: Erosion of dorsum sella; C: Pineal gland displacement; D: Copper beaten appearance],A: Sutural diastasis,A: Sutural diastasis,0.95,GlobalMedQA_EN,"Reasoning:
Raised intracranial tension in infants often manifests subtly. The skull in infants is not fully fused, allowing for some degree of expansion to accommodate increasing pressure. Sutural diastasis, which is the widening of the sutures between the skull bones, is the earliest radiographic sign of this increased pressure as the skull attempts to compensate. Erosion of the dorsum sella and pineal gland displacement are later signs, indicating more chronic and significant pressure. Copper beaten appearance is seen in chronic subdural hematoma, not as the earliest sign of raised intracranial tension. Therefore, sutural diastasis is the most appropriate answer.

A: Sutural diastasis
0.95"
"A 24-year-old male presented with following lesion on his genitalia, following intercourse with multiple sexual partners, and multiple times. Which human papilloma virus is the causative agent? [Options: A: HPV 6, 11; B: HPV 16, 18; C: HPV 31, 33; D: HPV 35, 45]","A: HPV 6, 11","B: HPV 16, 18",0.9,GlobalMedQA_EN,"Reasoning:
The question describes a 24-year-old male with a genital lesion following multiple sexual encounters. This strongly suggests a sexually transmitted infection (STI). Human papillomavirus (HPV) is a common STI that can cause genital warts and cancers. Different HPV types are associated with different clinical presentations.

HPV 6 and 11 are primarily associated with genital warts (condylomata acuminata), which are typically benign. HPV 16 and 18 are high-risk types strongly linked to cervical cancer and other anogenital cancers. HPV 31, 33, 35, and 45 are also high-risk types associated with anogenital cancers, but less common than 16 and 18. Given the presentation of a lesion following multiple sexual partners, a high-risk HPV type is more likely to be the causative agent, as the repeated exposure increases the risk of oncogenic transformation. Between the options, HPV 16 and 18 are the most common high-risk types.

B: HPV 16, 18
0.9"
Dobutamine mainly act at this receptor: [Options: A: Beta 1; B: Beta 2; C: Alpha 1; D: Alpha 2],A: Beta 1,A: Beta 1,0.95,GlobalMedQA_EN,"Reasoning:
Dobutamine is a synthetic catecholamine that is primarily used as an inotropic agent. This means it increases the contractility of the heart. Beta-1 adrenergic receptors are predominantly found in the heart, and their activation leads to increased heart rate and contractility. While dobutamine does have some beta-2 activity, its primary effect is mediated through beta-1 receptors. Alpha-1 receptors primarily cause vasoconstriction, and alpha-2 receptors are involved in inhibiting norepinephrine release. Therefore, dobutamine's main action is at beta-1 receptors.

A: Beta 1
0.95"
Phospholipase C acts as secondary messenger for [Options: A: FSH; B: IH; C: TSH; D: GnRH],D: GnRH,A: FSH,0.95,GlobalMedQA_EN,"Reasoning:
Phospholipase C (PLC) is a key enzyme in several signaling pathways, particularly those involving G protein-coupled receptors. When activated, PLC cleaves phosphatidylinositol 4,5-bisphosphate (PIP2) into inositol trisphosphate (IP3) and diacylglycerol (DAG), both of which act as second messengers. Now let's consider the options:
*   **FSH (Follicle-Stimulating Hormone):** FSH primarily signals through cAMP and protein kinase A pathways, not typically PLC.
*   **IH (Insulin-like Hormone):** Insulin and insulin-like growth factor signaling primarily use the PI3K/Akt pathway, though some cross-talk with PLC can occur, it's not its primary mechanism.
*   **TSH (Thyroid-Stimulating Hormone):** TSH, like FSH, primarily signals through the cAMP pathway.
*   **GnRH (Gonadotropin-Releasing Hormone):** GnRH is a peptide hormone that frequently signals through the PLC pathway, leading to calcium mobilization and downstream effects. Specifically, GnRH receptors are Gq-coupled receptors, which activate PLC.

Therefore, GnRH is the most appropriate answer.

A: FSH
0.95"
Mucopolysaccharidoses are caused by [Options: A: An increased rate of synthesis of proteoglycans; B: Defects in the degradation of proteoglycans; C: The synthesis of polysaccharides with an altered structure; D: An insufficient amount of proteolytic enzymes],B: Defects in the degradation of proteoglycans,B: Defects in the degradation of proteoglycans,0.95,GlobalMedQA_EN,"Reasoning:
Mucopolysaccharidoses (MPS) are a group of inherited metabolic disorders caused by deficiencies in lysosomal enzymes required for the breakdown of glycosaminoglycans (GAGs), which are components of proteoglycans. These deficiencies lead to the accumulation of GAGs within cells, causing progressive cellular dysfunction. Therefore, the root cause is a defect in the *degradation* of proteoglycans, not an increased synthesis, altered structure, or insufficient proteolytic enzymes generally.

B: Defects in the degradation of proteoglycans
0.95"
"A 68-year-old man presents to the emergency department with palpitations. He also feels that his exercise tolerance has reduced over the previous week. His past history is positive for ischemic heart disease and he has been on multiple medications for a long time. On physical examination, his temperature is 36.9°C (98.4°F), pulse rate is 152/min and is regular, blood pressure is 114/80 mm Hg, and respiratory rate is 18/min. Auscultation of the precordial region confirms tachycardia, but there is no murmur or extra heart sounds. His ECG is obtained, which suggests a diagnosis of atrial flutter. Which of the following findings is most likely to be present on his electrocardiogram? [Options: A: Atrial rate above 400 beats per minute; B: Slurred upstroke of R wave; C: Atrioventricular block; D: No discernible P waves; E: Wenckebach phenomenon]",C: Atrioventricular block,D: No discernible P waves,0.95,GlobalMedQA_EN,"Reasoning:
The patient presents with palpitations, reduced exercise tolerance, a history of ischemic heart disease, and tachycardia (152 bpm). The ECG suggests atrial flutter. We need to identify the most characteristic ECG finding of atrial flutter.

A: Atrial rate above 400 bpm is common in atrial flutter, but not always present and not the defining feature.
B: Slurred upstroke of R wave is not specific to atrial flutter.
C: Atrioventricular block is common in atrial flutter, as the rapid atrial rate often exceeds the ventricular rate, requiring some degree of AV nodal blockage. However, it's not *always* present.
D: No discernible P waves is a key feature of atrial flutter. Instead of distinct P waves, atrial flutter shows ""flutter waves"" or ""F waves"" which are rapid, repetitive, saw-tooth-like waves.
E: Wenckebach phenomenon (first-degree AV block) can occur with atrial flutter, but is not a defining characteristic.

Considering the defining characteristics of atrial flutter, the absence of discernible P waves and the presence of flutter waves are the most specific findings.

Therefore, the most likely finding on the ECG is no discernible P waves.

D: No discernible P waves
0.95"
